roc_auc,roc_auc_sd,mcc,mcc_sd,f1,f1_sd,ba,ba_sd,dummy_f1_allpos,dummy_f1_allpos_sd,n,n_pos,prevalence,n_groups,task,arm,ep,features,note,ct_coverage
0.755560866294741,0.005043358574587347,0.36975100804087135,0.010086566919991323,0.5702876438065839,0.00864471989122451,0.6770051087569736,0.005470891628208502,0.5188811188811189,0.0,1059,371,0.35033050047214354,477,skin_mapping,V0_current,skin,S1_chemistry,V0 폴드 고정,
0.755560866294741,0.005043358574587347,0.36975100804087135,0.010086566919991323,0.5702876438065839,0.00864471989122451,0.6770051087569736,0.005470891628208502,0.5188811188811189,0.0,1059,371,0.35033050047214354,477,skin_mapping,V1_correct_map,skin,S1_chemistry,V0 폴드 고정,
0.7743008344312692,0.006554906831428745,0.4271602156685563,0.013622412302814156,0.5797216902374677,0.01060671827432006,0.706357048748353,0.007025210660595568,0.4415011037527593,6.206335383118183e-17,1059,300,0.28328611898017,477,skin_mapping,V2_eu_epa3_neg,skin,S1_chemistry,V0 폴드 고정,
0.785252876800515,0.004932898704165999,0.47428384382261574,0.014335687081289574,0.6217139561522035,0.01079319891849984,0.7304613945441378,0.007389475555276266,0.4565560821484992,0.0,977,289,0.29580348004094165,463,skin_mapping,V3_drop82,skin,S1_chemistry,폴드 재산출(행 감소) — V0 과 직접 비교 불가,
0.6387495218666327,0.00974639187500098,0.20152972248917922,0.022703560642070457,0.7396737583201468,0.008310009535741144,0.589798227718985,0.00960403786381923,0.7642015005359056,0.0,1153,713,0.6183868169991327,477,ct_augment,A0_base,eye,S1_chemistry,y 불변·폴드 고정,0.24032167189174805
0.755560866294741,0.005043358574587347,0.36975100804087135,0.010086566919991323,0.5702876438065839,0.00864471989122451,0.6770051087569736,0.005470891628208502,0.5188811188811189,0.0,1059,371,0.35033050047214354,477,ct_augment,A0_base,skin,S1_chemistry,y 불변·폴드 고정,0.24091868681712117
0.6969177733380342,0.013489799651376333,0.2982129454079241,0.03233687910886213,0.6700241421902788,0.012709998279669146,0.6491181885846359,0.016325159233665773,0.6946216955332726,0.0,716,381,0.5321229050279329,364,ct_augment,A0_base,sens,S1_chemistry,y 불변·폴드 고정,0.2411998466224839
0.6643427259977049,0.008516032184144486,0.21333851124445696,0.013198604452714516,0.7390845114460166,0.00700615493772675,0.5968478260869565,0.0055019413204912574,0.7642015005359056,0.0,1153,713,0.6183868169991327,477,ct_augment,A1_aug_all,eye,S1_chemistry,y 불변·폴드 고정,0.5109449445417834
0.7717596220146681,0.002988927901903964,0.38856713064695175,0.011270403266822101,0.5837681352437379,0.008792935613373498,0.6863387764056917,0.005787294941813203,0.5188811188811189,0.0,1059,371,0.35033050047214354,477,ct_augment,A1_aug_all,skin,S1_chemistry,y 불변·폴드 고정,0.5115419594671565
0.7382019038664943,0.006631384840408144,0.35784914913948473,0.029827966774065125,0.6970054568830921,0.013094094320402915,0.6790660868883928,0.014981649980645035,0.6946216955332726,0.0,716,381,0.5321229050279329,364,ct_augment,A1_aug_all,sens,S1_chemistry,y 불변·폴드 고정,0.5118231192725192
0.6643350758638276,0.011024721370283095,0.22207841271551576,0.010228222507971308,0.7431992641339422,0.005580697567810174,0.6002671171745505,0.003700869220727617,0.7642015005359056,0.0,1153,713,0.6183868169991327,477,ct_augment,A2_aug_nc_unknown,eye,S1_chemistry,y 불변·폴드 고정,0.3300924440943267
0.771452469754905,0.005753784889195062,0.3870768639501998,0.014996203309468626,0.5825275602395781,0.011232493462456337,0.6855301510687646,0.007597840544602618,0.5188811188811189,0.0,1059,371,0.35033050047214354,477,ct_augment,A2_aug_nc_unknown,skin,S1_chemistry,y 불변·폴드 고정,0.29632198901043877
0.7316989853880205,0.006275589718652399,0.3424658551848204,0.015887433476033844,0.6907550825994633,0.005502413883496323,0.6712947075645396,0.008135232645033992,0.6946216955332726,0.0,716,381,0.5321229050279329,364,ct_augment,A2_aug_nc_unknown,sens,S1_chemistry,y 불변·폴드 고정,0.3232126279167886
0.6597143950019125,0.008873241604909704,0.2108686978760031,0.019518211370382732,0.7391214247091956,0.00783751098338495,0.5954166135407369,0.008265340010781544,0.7642015005359056,0.0,1153,713,0.6183868169991327,477,ct_augment,A3_aug_annexvi,eye,S1_chemistry,y 불변·폴드 고정,0.46754622385948064
0.7624663072776281,0.006288388223318694,0.3822320834662374,0.011781737521089707,0.5792435038369692,0.008115645702898907,0.6831861562088636,0.005678054658386773,0.5188811188811189,0.0,1059,371,0.35033050047214354,477,ct_augment,A3_aug_annexvi,skin,S1_chemistry,y 불변·폴드 고정,0.4862204716680568
0.7371943432444079,0.007814276296428165,0.3500798096871305,0.025703538583488113,0.6912841170179985,0.01211308712472314,0.6752371998276334,0.012901622942434748,0.6946216955332726,0.0,716,381,0.5321229050279329,364,ct_augment,A3_aug_annexvi,sens,S1_chemistry,y 불변·폴드 고정,0.4963838868631376
0.6485831314548005,0.007927091709016546,0.20936973991132368,0.026533978972300736,0.7384450153416452,0.008044384352617253,0.5949426239959198,0.012289660196488347,0.7642015005359056,0.0,1153,713,0.6183868169991327,477,ct_augment,A4_shuffled_control,eye,S1_chemistry,y 불변·폴드 고정,0.48326292769661683
0.7574962389519213,0.00548381654987267,0.37808496460176744,0.012162446091623426,0.5754071049702334,0.008800891868603984,0.6807814360935248,0.005934193540600723,0.5188811188811189,0.0,1059,371,0.35033050047214354,477,ct_augment,A4_shuffled_control,skin,S1_chemistry,y 불변·폴드 고정,0.48385994262198995
0.6968535276374036,0.011766451587479345,0.29635185754802884,0.014169696879548417,0.6716860366636044,0.008182451444897633,0.6480886904062365,0.007074818311582223,0.6946216955332726,0.0,716,381,0.5321229050279329,364,ct_augment,A4_shuffled_control,sens,S1_chemistry,y 불변·폴드 고정,0.48414110242735264
