Formulation_ID,ing_cas_best,ing_name_best,endpoint,버린_구분,사유
EyeIrritation6pack_PID1004,131983-72-7,Triticonazole,eye,NC,농도결측
EyeIrritation6pack_PID103,57-55-6,Propylene Glycol,eye,NC,농도결측
EyeIrritation6pack_PID103,70630-17-0,(R)-Metalaxyl,eye,1,농도결측
EyeIrritation6pack_PID1033,1689-99-2,Bromoxynil octanoate,eye,NC,농도결측
EyeIrritation6pack_PID1033,56634-95-8,Bromoxynil heptanoate,eye,NC,농도결측
EyeIrritation6pack_PID1033,365400-11-9,Pyrasulfotole,eye,NC,농도결측
EyeIrritation6pack_PID1033,108-32-7,Propylene carbonate >= 10.00 - <=,eye,2A,농도결측
EyeIrritation6pack_PID1033,91-20-3,Naphthalene <,eye,NC,농도결측
EyeIrritation6pack_PID1033,104-76-7,Ethylhexan-1-ol <,eye,2A,농도결측
EyeIrritation6pack_PID1033,135590-91-9,Mefenpyr-diethyl,eye,NC,농도결측
EyeIrritation6pack_PID1054,10025-77-1,Ferric chloride hexahydrate,eye,1,농도결측
EyeIrritation6pack_PID1056,52-51-7,bronopol,eye,1,농도결측
EyeIrritation6pack_PID115,97-99-4,Tetrahydrofurfuryl alcohol 30,eye,2A,농도결측
EyeIrritation6pack_PID128,,"1,2-Benzisothiazol-3(2H)-one",eye,1,농도결측
EyeIrritation6pack_PID128,,Bronopol,eye,1,농도결측
EyeIrritation6pack_PID128,,Propylene Glycol,eye,NC,농도결측
EyeIrritation6pack_PID144,7447-40-7,Muriate of Potash,eye,NC,농도결측
EyeIrritation6pack_PID154,135410-20-7,Acetamiprid,eye,NC,농도결측
EyeIrritation6pack_PID155,135410-20-7,Acetamiprid,eye,NC,농도결측
EyeIrritation6pack_PID167,52315-07-8,Cypermethrin,eye,NC,농도결측
EyeIrritation6pack_PID168,131929-60-7,Note : Spinosad is comprised of Spinosyn A () and Spinosyn D,eye,NC,농도결측
EyeIrritation6pack_PID225,16389-88-1,Dolomite granules,eye,NC,농도결측
EyeIrritation6pack_PID225,7447-40-7,Potassium Chloride,eye,NC,농도결측
EyeIrritation6pack_PID277,57-55-6,Propylene Glycol not listed,eye,NC,농도결측
EyeIrritation6pack_PID289,86753-92-6,"Synonyms : cypermethrin,Cypermethrin, High Effect",eye,NC,농도결측
EyeIrritation6pack_PID301,872-05-9,"Synonyms : 1-Decene,decene",eye,NC,농도결측
EyeIrritation6pack_PID313,,"1,2-Benzisothiazol-3(2H)-one",eye,1,농도결측
EyeIrritation6pack_PID370,,Propylene Glycol,eye,NC,농도결측
EyeIrritation6pack_PID393,148477-71-8,Spirodiclofen,eye,NC,농도결측
EyeIrritation6pack_PID393,2634-33-5,"1,2-Benzisothiazol-3(2H)-one",eye,1,농도결측
EyeIrritation6pack_PID433,7778-77-0,from Monopotassium Phosphate not listed,eye,NC,농도결측
EyeIrritation6pack_PID459,2634-33-5,"1,2-Benzisothiazol-3(2H)-one",eye,1,농도결측
EyeIrritation6pack_PID459,57-55-6,Propylene Glycol,eye,NC,농도결측
EyeIrritation6pack_PID478,57-55-6,Propylene glycol,eye,NC,농도결측
EyeIrritation6pack_PID495,131929-60-7,Spinosad A,eye,NC,농도결측
EyeIrritation6pack_PID495,131929-63-0,Spinosad D,eye,NC,농도결측
EyeIrritation6pack_PID497,,"1,2-Benzisothiazol-3(2H)-one",eye,1,농도결측
EyeIrritation6pack_PID506,161050-58-4,Methoxyfenozide,eye,NC,농도결측
EyeIrritation6pack_PID506,,Spinetoram,eye,NC,농도결측
EyeIrritation6pack_PID506,,"1,2-Benzisothiazol-3(2H)-one",eye,1,농도결측
EyeIrritation6pack_PID506,,Methylisothiazolinone,eye,1,농도결측
EyeIrritation6pack_PID530,372137-35-4,Saflufenacil,eye,NC,농도결측
EyeIrritation6pack_PID530,2634-33-5,"1,2-benzisothiazol-3(2H)-one",eye,1,농도결측
EyeIrritation6pack_PID540,70630-17-0,(R)-Metalaxyl,eye,1,농도결측
EyeIrritation6pack_PID558,57837-19-1,metalaxyl >= 0.1 - <,eye,NC,농도결측
EyeIrritation6pack_PID558,125225-28-7,Ipconazole >= 0.1 - <,eye,NC,농도결측
EyeIrritation6pack_PID610,7758-98-7,Copper sulfate,eye,2A,농도결측
EyeIrritation6pack_PID65,7447-40-7,Potassium Chloride 5-20,eye,NC,농도결측
EyeIrritation6pack_PID650,220899-03-6,Metrafenone,eye,NC,농도결측
EyeIrritation6pack_PID657,8003-34-7,Pyrethrins,eye,NC,농도결측
EyeIrritation6pack_PID657,113-48-4,MGK®-264 (N-Octyl Bicycloheptene Dicarboximide),eye,NC,농도결측
EyeIrritation6pack_PID658,1811-28-5,0-1 proflavine hemisulfate dihydrate,eye,2A,농도결측
EyeIrritation6pack_PID718,58-56-0,"4-Pyridinedimethanol, 5-hydroxy-6- >= 5 - <",eye,1,농도결측
EyeIrritation6pack_PID793,365400-11-9,Synonyms,eye,NC,농도결측
EyeIrritation6pack_PID794,179101-81-6,Synonyms : Pyridalyl,eye,NC,농도결측
EyeIrritation6pack_PID796,,"1,2-Benzisothiazol-3(2H)-one",eye,1,농도결측
EyeIrritation6pack_PID796,,Propylene Glycol,eye,NC,농도결측
EyeIrritation6pack_PID803,57837-19-1,"methyl N-(,6-dimethylphenyl)-N- >= 1 - <",eye,NC,농도결측
EyeIrritation6pack_PID809,107534-96-3,Tebuconazole,eye,NC,농도결측
EyeIrritation6pack_PID809,57837-19-1,Metalaxyl,eye,NC,농도결측
EyeIrritation6pack_PID809,57-55-6,2-Propanediol,eye,NC,농도결측
EyeIrritation6pack_PID815,64902-72-3,chlorsulfuron,eye,NC,농도결측
EyeIrritation6pack_PID831,2634-33-5,2-Benzisothiazol-3(2H)-one 0.18-0.22,eye,1,농도결측
EyeIrritation6pack_PID834,94-75-7,"2,4-Dichlorophenoxyacetic acid",eye,1,농도결측
EyeIrritation6pack_PID854,,(-)-Caryophyllene,eye,NC,농도결측
EyeIrritation6pack_PID857,2634-33-5,"1,2-Benzisothiazol-3(2H)-one",eye,1,농도결측
EyeIrritation6pack_PID870,372137-35-4,Saflufenacil,eye,NC,농도결측
EyeIrritation6pack_PID873,118-74-1,Hexachlorobenzene,eye,NC,농도결측
EyeIrritation6pack_PID896,148477-71-8,Spirodiclofen,eye,NC,농도결측
EyeIrritation6pack_PID899,118134-30-8,spiroxamine >98,eye,NC,농도결측
EyeIrritation6pack_PID908,141517-21-7,Trifloxystrobin,eye,NC,농도결측
EyeIrritation6pack_PID928,6062-26-6,MCPB sodium salt (active ingredient),eye,NC,농도결측
EyeIrritation6pack_PID928,3653-48-3,MCPA sodium salt (active ingredient),eye,NC,농도결측
EyeIrritation6pack_PID970,7778-77-0,Potassium Dihydrogen Phosphate 00-10,eye,NC,농도결측
EyeIrritation6pack_PID971,16389-88-1,Limestone Dolomite 80-90,eye,NC,농도결측
EyeIrritation6pack_PID971,7447-40-7,Potassium chloride Potash 5-15,eye,NC,농도결측
EyeIrritation6pack_PID986,91-20-3,Naphthalene,eye,NC,농도결측
MIX1001,,Citral,eye,2A,농도결측
MIX1008,,Geranyl Acetate,eye,NC,농도결측
MIX1008,141-12-8,Neryl acetate,eye,NC,농도결측
MIX1008,13466-78-9,3-Carene,eye,NC,농도결측
MIX1020,,Citronellol,eye,2A,농도결측
MIX1042,87-44-5,(-)-Caryophyllene,eye,NC,농도결측
MIX127,1897-45-6,Chlorothalonil not listed,eye,1,농도결측
MIX127,57-55-6,Propylene Glycol not listed,eye,NC,농도결측
MIX13,98-86-2,Acetophenone,eye,2A,농도결측
MIX173,,Propylene Glycol,eye,NC,농도결측
MIX173,131341-86-1,Fludioxonil,eye,NC,농도결측
MIX186,2634-33-5,2-benzisothiazol-3(2H)-one >= 0.05 - <,eye,1,농도결측
MIX199,,Propylene Glycol,eye,NC,농도결측
MIX209,158062-67-0,Flonicamid,eye,NC,농도결측
MIX218,79622-59-6,Fluazinam,eye,1,농도결측
MIX219,14433-76-2,"N,N-Dimethyl decanamide",eye,2A,농도결측
MIX246,52645-53-1,Permethrin,eye,NC,농도결측
MIX257,57-55-6,"1,2-Propanediol (Propylene Glycol)",eye,NC,농도결측
MIX276,108-88-3,Toluene,eye,NC,농도결측
MIX28,135410-20-7,Acetamiprid,eye,NC,농도결측
MIX290,57-55-6,"1,2-Propanediol",eye,NC,농도결측
MIX295,52645-53-1,Permethrin,eye,NC,농도결측
MIX30,7447-40-7,Potassium Chloride (과립형 비료복합제 소스 오염 - 제외 권고),eye,NC,농도결측
MIX308,7758-98-7,Copper sulfate,eye,2A,농도결측
MIX324,57-55-6,"1,2-Propanediol (Propylene Glycol)",eye,NC,농도결측
MIX33,57-55-6,"1,2-Propanediol (Propylene Glycol)",eye,NC,농도결측
MIX345,,1-Methoxy-2-propanol,eye,NC,농도결측
MIX345,,Cobaltous neodecanoate,eye,NC,농도결측
MIX366,108-88-3,Toluene 30,eye,NC,농도결측
MIX372,365400-11-9,Pyrasulfotole,eye,NC,농도결측
MIX375,,"1,2-Benzisothiazol-3(2H)-one",eye,1,농도결측
MIX375,,Propylene Glycol,eye,NC,농도결측
MIX430,,(-)-Caryophyllene,eye,NC,농도결측
MIX453,148477-71-8,Spirodiclofen,eye,NC,농도결측
MIX458,118134-30-8,Spiroxamine,eye,NC,농도결측
MIX466,81406-37-3,Fluroxypyr-meptyl,eye,NC,농도결측
MIX480,7778-77-0,Potassium Dihydrogen Phosphate 00-10,eye,NC,농도결측
MIX543,97-99-4,Tetrahydrofurfuryl alcohol (THFA),eye,2A,농도결측
MIX554,10025-77-1,Ferric chloride hexahydrate,eye,1,농도결측
MIX58,135410-20-7,Acetamiprid,eye,NC,농도결측
MIX59,135410-20-7,Acetamiprid,eye,NC,농도결측
MIX699,57-55-6,Propylene Glycol,eye,NC,농도결측
MIX78,57-55-6,"1,2-Propanediol (Propylene Glycol)",eye,NC,농도결측
MIX879,87-44-5,BETA-CARYOPHYLLENE,eye,NC,농도결측
MIX90,7173-51-5,Didecyldimethylammonium chloride -No,eye,1,농도결측
MIX98,16389-88-1,Dolomite granules,eye,NC,농도결측
MIX98,7447-40-7,Potassium Chloride,eye,NC,농도결측
EyeIrritation6pack_PID1004,131983-72-7,Triticonazole,skin,NC,농도결측
EyeIrritation6pack_PID1029,70901-12-1,Potassium salt of glyphosate,skin,NC,농도결측
EyeIrritation6pack_PID103,57-55-6,Propylene Glycol,skin,NC,농도결측
EyeIrritation6pack_PID103,70630-17-0,(R)-Metalaxyl,skin,NC,농도결측
EyeIrritation6pack_PID1033,1689-99-2,Bromoxynil octanoate,skin,NC,농도결측
EyeIrritation6pack_PID1033,56634-95-8,Bromoxynil heptanoate,skin,NC,농도결측
EyeIrritation6pack_PID1033,365400-11-9,Pyrasulfotole,skin,NC,농도결측
EyeIrritation6pack_PID1033,108-32-7,Propylene carbonate >= 10.00 - <=,skin,NC,농도결측
EyeIrritation6pack_PID1033,91-20-3,Naphthalene <,skin,NC,농도결측
EyeIrritation6pack_PID1033,104-76-7,Ethylhexan-1-ol <,skin,2,농도결측
EyeIrritation6pack_PID1033,135590-91-9,Mefenpyr-diethyl,skin,NC,농도결측
EyeIrritation6pack_PID1056,52-51-7,bronopol,skin,2,농도결측
EyeIrritation6pack_PID115,97-99-4,Tetrahydrofurfuryl alcohol 30,skin,NC,농도결측
EyeIrritation6pack_PID128,,"1,2-Benzisothiazol-3(2H)-one",skin,2,농도결측
EyeIrritation6pack_PID128,,Bronopol,skin,2,농도결측
EyeIrritation6pack_PID128,,Propylene Glycol,skin,NC,농도결측
EyeIrritation6pack_PID144,7447-40-7,Muriate of Potash,skin,NC,농도결측
EyeIrritation6pack_PID154,135410-20-7,Acetamiprid,skin,NC,농도결측
EyeIrritation6pack_PID155,135410-20-7,Acetamiprid,skin,NC,농도결측
EyeIrritation6pack_PID167,52315-07-8,Cypermethrin,skin,2,농도결측
EyeIrritation6pack_PID168,131929-60-7,Note : Spinosad is comprised of Spinosyn A () and Spinosyn D,skin,NC,농도결측
EyeIrritation6pack_PID225,16389-88-1,Dolomite granules,skin,NC,농도결측
EyeIrritation6pack_PID225,7447-40-7,Potassium Chloride,skin,NC,농도결측
EyeIrritation6pack_PID277,57-55-6,Propylene Glycol not listed,skin,NC,농도결측
EyeIrritation6pack_PID289,86753-92-6,"Synonyms : cypermethrin,Cypermethrin, High Effect",skin,2,농도결측
EyeIrritation6pack_PID301,872-05-9,"Synonyms : 1-Decene,decene",skin,NC,농도결측
EyeIrritation6pack_PID313,,"1,2-Benzisothiazol-3(2H)-one",skin,2,농도결측
EyeIrritation6pack_PID370,,Propylene Glycol,skin,NC,농도결측
EyeIrritation6pack_PID393,148477-71-8,Spirodiclofen,skin,NC,농도결측
EyeIrritation6pack_PID393,2634-33-5,"1,2-Benzisothiazol-3(2H)-one",skin,2,농도결측
EyeIrritation6pack_PID433,7778-77-0,from Monopotassium Phosphate not listed,skin,NC,농도결측
EyeIrritation6pack_PID459,2634-33-5,"1,2-Benzisothiazol-3(2H)-one",skin,2,농도결측
EyeIrritation6pack_PID459,57-55-6,Propylene Glycol,skin,NC,농도결측
EyeIrritation6pack_PID478,57-55-6,Propylene glycol,skin,NC,농도결측
EyeIrritation6pack_PID494,577-11-7,Di--ethylhexyl sodium sulfosuccinate >= 1 - <,skin,2,농도결측
EyeIrritation6pack_PID495,131929-60-7,Spinosad A,skin,NC,농도결측
EyeIrritation6pack_PID495,131929-63-0,Spinosad D,skin,NC,농도결측
EyeIrritation6pack_PID497,,"1,2-Benzisothiazol-3(2H)-one",skin,2,농도결측
EyeIrritation6pack_PID500,577-11-7,Di--ethylhexyl sodium sulfosuccinate >= 1 - <,skin,2,농도결측
EyeIrritation6pack_PID506,161050-58-4,Methoxyfenozide,skin,NC,농도결측
EyeIrritation6pack_PID506,,Spinetoram,skin,NC,농도결측
EyeIrritation6pack_PID506,,"1,2-Benzisothiazol-3(2H)-one",skin,2,농도결측
EyeIrritation6pack_PID506,,Methylisothiazolinone,skin,1,농도결측
EyeIrritation6pack_PID530,372137-35-4,Saflufenacil,skin,NC,농도결측
EyeIrritation6pack_PID530,2634-33-5,"1,2-benzisothiazol-3(2H)-one",skin,2,농도결측
EyeIrritation6pack_PID540,70630-17-0,(R)-Metalaxyl,skin,NC,농도결측
EyeIrritation6pack_PID558,57837-19-1,metalaxyl >= 0.1 - <,skin,NC,농도결측
EyeIrritation6pack_PID558,125225-28-7,Ipconazole >= 0.1 - <,skin,NC,농도결측
EyeIrritation6pack_PID610,7758-98-7,Copper sulfate,skin,2,농도결측
EyeIrritation6pack_PID65,7447-40-7,Potassium Chloride 5-20,skin,NC,농도결측
EyeIrritation6pack_PID650,220899-03-6,Metrafenone,skin,NC,농도결측
EyeIrritation6pack_PID657,8003-34-7,Pyrethrins,skin,NC,농도결측
EyeIrritation6pack_PID657,113-48-4,MGK®-264 (N-Octyl Bicycloheptene Dicarboximide),skin,NC,농도결측
EyeIrritation6pack_PID658,1811-28-5,0-1 proflavine hemisulfate dihydrate,skin,2,농도결측
EyeIrritation6pack_PID673,70901-12-1,Potassium salt of glyphosate,skin,NC,농도결측
EyeIrritation6pack_PID718,58-56-0,"4-Pyridinedimethanol, 5-hydroxy-6- >= 5 - <",skin,NC,농도결측
EyeIrritation6pack_PID718,51229-78-8,"5,7-triaza-1- >= 0.1 - <",skin,2,농도결측
EyeIrritation6pack_PID793,365400-11-9,Synonyms,skin,NC,농도결측
EyeIrritation6pack_PID794,179101-81-6,Synonyms : Pyridalyl,skin,NC,농도결측
EyeIrritation6pack_PID796,,"1,2-Benzisothiazol-3(2H)-one",skin,2,농도결측
EyeIrritation6pack_PID796,,Propylene Glycol,skin,NC,농도결측
EyeIrritation6pack_PID803,57837-19-1,"methyl N-(,6-dimethylphenyl)-N- >= 1 - <",skin,NC,농도결측
EyeIrritation6pack_PID809,107534-96-3,Tebuconazole,skin,NC,농도결측
EyeIrritation6pack_PID809,57837-19-1,Metalaxyl,skin,NC,농도결측
EyeIrritation6pack_PID809,57-55-6,2-Propanediol,skin,NC,농도결측
EyeIrritation6pack_PID815,64902-72-3,chlorsulfuron,skin,NC,농도결측
EyeIrritation6pack_PID831,2634-33-5,2-Benzisothiazol-3(2H)-one 0.18-0.22,skin,2,농도결측
EyeIrritation6pack_PID834,94-75-7,"2,4-Dichlorophenoxyacetic acid",skin,NC,농도결측
EyeIrritation6pack_PID837,70901-12-1,Potassium salt of glyphosate,skin,NC,농도결측
EyeIrritation6pack_PID854,,(-)-Caryophyllene,skin,NC,농도결측
EyeIrritation6pack_PID857,2634-33-5,"1,2-Benzisothiazol-3(2H)-one",skin,2,농도결측
EyeIrritation6pack_PID870,372137-35-4,Saflufenacil,skin,NC,농도결측
EyeIrritation6pack_PID873,118-74-1,Hexachlorobenzene,skin,NC,농도결측
EyeIrritation6pack_PID896,148477-71-8,Spirodiclofen,skin,NC,농도결측
EyeIrritation6pack_PID899,118134-30-8,spiroxamine >98,skin,2,농도결측
EyeIrritation6pack_PID908,141517-21-7,Trifloxystrobin,skin,NC,농도결측
EyeIrritation6pack_PID928,6062-26-6,MCPB sodium salt (active ingredient),skin,NC,농도결측
EyeIrritation6pack_PID928,3653-48-3,MCPA sodium salt (active ingredient),skin,NC,농도결측
EyeIrritation6pack_PID970,7778-77-0,Potassium Dihydrogen Phosphate 00-10,skin,NC,농도결측
EyeIrritation6pack_PID971,16389-88-1,Limestone Dolomite 80-90,skin,NC,농도결측
EyeIrritation6pack_PID971,7447-40-7,Potassium chloride Potash 5-15,skin,NC,농도결측
EyeIrritation6pack_PID986,91-20-3,Naphthalene,skin,NC,농도결측
MIX1001,,Citral,skin,2,농도결측
MIX1001,,Nerol,skin,2,농도결측
MIX1008,,Geranyl Acetate,skin,2,농도결측
MIX1008,,Nerol,skin,2,농도결측
MIX1008,141-12-8,Neryl acetate,skin,2,농도결측
MIX1008,13466-78-9,3-Carene,skin,2,농도결측
MIX1020,,Citronellol,skin,2,농도결측
MIX1042,87-44-5,(-)-Caryophyllene,skin,NC,농도결측
MIX127,1897-45-6,Chlorothalonil not listed,skin,NC,농도결측
MIX127,57-55-6,Propylene Glycol not listed,skin,NC,농도결측
MIX13,98-86-2,Acetophenone,skin,NC,농도결측
MIX173,,Propylene Glycol,skin,NC,농도결측
MIX173,131341-86-1,Fludioxonil,skin,NC,농도결측
MIX181,70901-12-1,Potassium salt of glyphosate,skin,NC,농도결측
MIX186,2634-33-5,2-benzisothiazol-3(2H)-one >= 0.05 - <,skin,2,농도결측
MIX199,,Propylene Glycol,skin,NC,농도결측
MIX209,158062-67-0,Flonicamid,skin,NC,농도결측
MIX219,14433-76-2,"N,N-Dimethyl decanamide",skin,2,농도결측
MIX246,52645-53-1,Permethrin,skin,NC,농도결측
MIX257,57-55-6,"1,2-Propanediol (Propylene Glycol)",skin,NC,농도결측
MIX276,108-88-3,Toluene,skin,2,농도결측
MIX28,135410-20-7,Acetamiprid,skin,NC,농도결측
MIX290,57-55-6,"1,2-Propanediol",skin,NC,농도결측
MIX295,52645-53-1,Permethrin,skin,NC,농도결측
MIX30,7447-40-7,Potassium Chloride (과립형 비료복합제 소스 오염 - 제외 권고),skin,NC,농도결측
MIX308,7758-98-7,Copper sulfate,skin,2,농도결측
MIX324,57-55-6,"1,2-Propanediol (Propylene Glycol)",skin,NC,농도결측
MIX33,57-55-6,"1,2-Propanediol (Propylene Glycol)",skin,NC,농도결측
MIX331,70901-12-1,Potassium salt of glyphosate,skin,NC,농도결측
MIX345,,1-Methoxy-2-propanol,skin,NC,농도결측
MIX345,,Cobaltous neodecanoate,skin,2,농도결측
MIX366,108-88-3,Toluene 30,skin,2,농도결측
MIX372,365400-11-9,Pyrasulfotole,skin,NC,농도결측
MIX375,,"1,2-Benzisothiazol-3(2H)-one",skin,2,농도결측
MIX375,,Propylene Glycol,skin,NC,농도결측
MIX417,70901-12-1,Potassium salt of glyphosate,skin,NC,농도결측
MIX430,,(-)-Caryophyllene,skin,NC,농도결측
MIX453,148477-71-8,Spirodiclofen,skin,NC,농도결측
MIX458,118134-30-8,Spiroxamine,skin,2,농도결측
MIX466,81406-37-3,Fluroxypyr-meptyl,skin,NC,농도결측
MIX480,7778-77-0,Potassium Dihydrogen Phosphate 00-10,skin,NC,농도결측
MIX543,97-99-4,Tetrahydrofurfuryl alcohol (THFA),skin,NC,농도결측
MIX58,135410-20-7,Acetamiprid,skin,NC,농도결측
MIX59,135410-20-7,Acetamiprid,skin,NC,농도결측
MIX699,57-55-6,Propylene Glycol,skin,NC,농도결측
MIX78,57-55-6,"1,2-Propanediol (Propylene Glycol)",skin,NC,농도결측
MIX879,87-44-5,BETA-CARYOPHYLLENE,skin,NC,농도결측
MIX90,67-63-0,Isopropanol -No,skin,NC,농도결측
MIX90,7173-51-5,Didecyldimethylammonium chloride -No,skin,1,농도결측
MIX98,16389-88-1,Dolomite granules,skin,NC,농도결측
MIX98,7447-40-7,Potassium Chloride,skin,NC,농도결측
