Formulation_ID,endpoint,reason
Cancer_PID_99,eye,sds_grade_status=negative but y is NaN
MIX1002,eye,sds_grade_status=negative but y is NaN
MIX1004,eye,sds_grade_status=negative but y is NaN
MIX1010,eye,sds_grade_status=negative but y is NaN
MIX1023,eye,sds_grade_status=negative but y is NaN
MIX1024,eye,sds_grade_status=negative but y is NaN
MIX1047,eye,sds_grade_status=negative but y is NaN
MIX116,eye,sds_grade_status=negative but y is NaN
MIX194,eye,sds_grade_status=negative but y is NaN
MIX227,eye,sds_grade_status=negative but y is NaN
MIX280,eye,sds_grade_status=negative but y is NaN
MIX294,eye,sds_grade_status=negative but y is NaN
MIX339,eye,sds_grade_status=negative but y is NaN
MIX377,eye,sds_grade_status=negative but y is NaN
MIX383,eye,sds_grade_status=negative but y is NaN
MIX494,eye,sds_grade_status=negative but y is NaN
MIX517,eye,sds_grade_status=negative but y is NaN
MIX545,eye,sds_grade_status=negative but y is NaN
MIX547,eye,sds_grade_status=negative but y is NaN
MIX575,eye,sds_grade_status=negative but y is NaN
MIX577,eye,sds_grade_status=negative but y is NaN
MIX586,eye,sds_grade_status=negative but y is NaN
MIX587,eye,sds_grade_status=negative but y is NaN
MIX594,eye,sds_grade_status=negative but y is NaN
MIX612,eye,sds_grade_status=negative but y is NaN
MIX618,eye,sds_grade_status=negative but y is NaN
MIX621,eye,sds_grade_status=negative but y is NaN
MIX632,eye,sds_grade_status=negative but y is NaN
MIX645,eye,sds_grade_status=negative but y is NaN
MIX649,eye,sds_grade_status=negative but y is NaN
MIX653,eye,sds_grade_status=negative but y is NaN
MIX659,eye,sds_grade_status=negative but y is NaN
MIX668,eye,sds_grade_status=negative but y is NaN
MIX67,eye,sds_grade_status=negative but y is NaN
MIX672,eye,sds_grade_status=negative but y is NaN
MIX704,eye,sds_grade_status=negative but y is NaN
MIX706,eye,sds_grade_status=negative but y is NaN
MIX708,eye,sds_grade_status=negative but y is NaN
MIX758,eye,sds_grade_status=negative but y is NaN
MIX794,eye,sds_grade_status=negative but y is NaN
MIX809,eye,sds_grade_status=negative but y is NaN
MIX811,eye,sds_grade_status=negative but y is NaN
MIX823,eye,sds_grade_status=negative but y is NaN
MIX846,eye,sds_grade_status=negative but y is NaN
MIX849,eye,sds_grade_status=negative but y is NaN
MIX868,eye,sds_grade_status=negative but y is NaN
MIX873,eye,sds_grade_status=negative but y is NaN
MIX905,eye,sds_grade_status=negative but y is NaN
Cancer_PID_99,skin,sds_grade_status=negative but y is NaN
EyeIrritation6pack_PID1024,skin,sds_grade_status=negative but y is NaN
EyeIrritation6pack_PID1032,skin,sds_grade_status=negative but y is NaN
EyeIrritation6pack_PID1039,skin,sds_grade_status=negative but y is NaN
EyeIrritation6pack_PID1055,skin,sds_grade_status=negative but y is NaN
EyeIrritation6pack_PID1060,skin,sds_grade_status=negative but y is NaN
EyeIrritation6pack_PID118,skin,sds_grade_status=negative but y is NaN
EyeIrritation6pack_PID168,skin,sds_grade_status=negative but y is NaN
EyeIrritation6pack_PID40,skin,sds_grade_status=negative but y is NaN
EyeIrritation6pack_PID422,skin,sds_grade_status=negative but y is NaN
EyeIrritation6pack_PID443,skin,sds_grade_status=negative but y is NaN
EyeIrritation6pack_PID475,skin,sds_grade_status=negative but y is NaN
EyeIrritation6pack_PID489,skin,sds_grade_status=negative but y is NaN
EyeIrritation6pack_PID516,skin,sds_grade_status=negative but y is NaN
EyeIrritation6pack_PID560,skin,sds_grade_status=negative but y is NaN
EyeIrritation6pack_PID699,skin,sds_grade_status=negative but y is NaN
EyeIrritation6pack_PID838,skin,sds_grade_status=negative but y is NaN
EyeIrritation6pack_PID863,skin,sds_grade_status=negative but y is NaN
EyeIrritation6pack_PID977,skin,sds_grade_status=negative but y is NaN
MIX1004,skin,sds_grade_status=negative but y is NaN
MIX1023,skin,sds_grade_status=negative but y is NaN
MIX1047,skin,sds_grade_status=negative but y is NaN
MIX116,skin,sds_grade_status=negative but y is NaN
MIX194,skin,sds_grade_status=negative but y is NaN
MIX280,skin,sds_grade_status=negative but y is NaN
MIX339,skin,sds_grade_status=negative but y is NaN
MIX377,skin,sds_grade_status=negative but y is NaN
MIX42,skin,sds_grade_status=negative but y is NaN
MIX571,skin,sds_grade_status=negative but y is NaN
MIX587,skin,sds_grade_status=negative but y is NaN
MIX594,skin,sds_grade_status=negative but y is NaN
MIX603,skin,sds_grade_status=negative but y is NaN
MIX607,skin,sds_grade_status=negative but y is NaN
MIX608,skin,sds_grade_status=negative but y is NaN
MIX612,skin,sds_grade_status=negative but y is NaN
MIX617,skin,sds_grade_status=negative but y is NaN
MIX618,skin,sds_grade_status=negative but y is NaN
MIX621,skin,sds_grade_status=negative but y is NaN
MIX632,skin,sds_grade_status=negative but y is NaN
MIX641,skin,sds_grade_status=negative but y is NaN
MIX645,skin,sds_grade_status=negative but y is NaN
MIX649,skin,sds_grade_status=negative but y is NaN
MIX653,skin,sds_grade_status=negative but y is NaN
MIX655,skin,sds_grade_status=negative but y is NaN
MIX659,skin,sds_grade_status=negative but y is NaN
MIX662,skin,sds_grade_status=negative but y is NaN
MIX668,skin,sds_grade_status=negative but y is NaN
MIX672,skin,sds_grade_status=negative but y is NaN
MIX679,skin,sds_grade_status=negative but y is NaN
MIX688,skin,sds_grade_status=negative but y is NaN
MIX691,skin,sds_grade_status=negative but y is NaN
MIX704,skin,sds_grade_status=negative but y is NaN
MIX708,skin,sds_grade_status=negative but y is NaN
MIX709,skin,sds_grade_status=negative but y is NaN
MIX710,skin,sds_grade_status=negative but y is NaN
MIX712,skin,sds_grade_status=negative but y is NaN
MIX717,skin,sds_grade_status=negative but y is NaN
MIX758,skin,sds_grade_status=negative but y is NaN
MIX759,skin,sds_grade_status=negative but y is NaN
MIX809,skin,sds_grade_status=negative but y is NaN
MIX816,skin,sds_grade_status=negative but y is NaN
MIX823,skin,sds_grade_status=negative but y is NaN
MIX846,skin,sds_grade_status=negative but y is NaN
MIX905,skin,sds_grade_status=negative but y is NaN
MIX934,skin,sds_grade_status=negative but y is NaN
MIX938,skin,sds_grade_status=negative but y is NaN
MIX948,skin,sds_grade_status=negative but y is NaN
Cancer_PID_99,sens,sds_grade_status=negative but y is NaN
EyeIrritation6pack_PID1039,sens,sds_grade_status=negative but y is NaN
EyeIrritation6pack_PID1055,sens,sds_grade_status=negative but y is NaN
EyeIrritation6pack_PID1060,sens,sds_grade_status=negative but y is NaN
EyeIrritation6pack_PID168,sens,sds_grade_status=negative but y is NaN
EyeIrritation6pack_PID220,sens,sds_grade_status=negative but y is NaN
EyeIrritation6pack_PID222,sens,sds_grade_status=negative but y is NaN
EyeIrritation6pack_PID241,sens,sds_grade_status=negative but y is NaN
EyeIrritation6pack_PID246,sens,sds_grade_status=negative but y is NaN
EyeIrritation6pack_PID247,sens,sds_grade_status=negative but y is NaN
EyeIrritation6pack_PID299,sens,sds_grade_status=negative but y is NaN
EyeIrritation6pack_PID40,sens,sds_grade_status=negative but y is NaN
EyeIrritation6pack_PID422,sens,sds_grade_status=negative but y is NaN
EyeIrritation6pack_PID475,sens,sds_grade_status=negative but y is NaN
EyeIrritation6pack_PID516,sens,sds_grade_status=negative but y is NaN
EyeIrritation6pack_PID560,sens,sds_grade_status=negative but y is NaN
EyeIrritation6pack_PID642,sens,sds_grade_status=negative but y is NaN
EyeIrritation6pack_PID669,sens,sds_grade_status=negative but y is NaN
EyeIrritation6pack_PID680,sens,sds_grade_status=negative but y is NaN
EyeIrritation6pack_PID699,sens,sds_grade_status=negative but y is NaN
EyeIrritation6pack_PID743,sens,sds_grade_status=negative but y is NaN
EyeIrritation6pack_PID863,sens,sds_grade_status=negative but y is NaN
EyeIrritation6pack_PID865,sens,sds_grade_status=negative but y is NaN
EyeIrritation6pack_PID873,sens,sds_grade_status=negative but y is NaN
EyeIrritation6pack_PID916,sens,sds_grade_status=negative but y is NaN
EyeIrritation6pack_PID926,sens,sds_grade_status=negative but y is NaN
EyeIrritation6pack_PID932,sens,sds_grade_status=negative but y is NaN
EyeIrritation6pack_PID936,sens,sds_grade_status=negative but y is NaN
EyeIrritation6pack_PID940,sens,sds_grade_status=negative but y is NaN
EyeIrritation6pack_PID977,sens,sds_grade_status=negative but y is NaN
MIX1067,sens,sds_grade_status=negative but y is NaN
MIX111,sens,sds_grade_status=negative but y is NaN
MIX112,sens,sds_grade_status=negative but y is NaN
MIX114,sens,sds_grade_status=negative but y is NaN
MIX116,sens,sds_grade_status=negative but y is NaN
MIX140,sens,sds_grade_status=negative but y is NaN
MIX194,sens,sds_grade_status=negative but y is NaN
MIX227,sens,sds_grade_status=negative but y is NaN
MIX23,sens,sds_grade_status=negative but y is NaN
MIX249,sens,sds_grade_status=negative but y is NaN
MIX250,sens,sds_grade_status=negative but y is NaN
MIX294,sens,sds_grade_status=negative but y is NaN
MIX338,sens,sds_grade_status=negative but y is NaN
MIX339,sens,sds_grade_status=negative but y is NaN
MIX351,sens,sds_grade_status=negative but y is NaN
MIX383,sens,sds_grade_status=negative but y is NaN
MIX402,sens,sds_grade_status=negative but y is NaN
MIX42,sens,sds_grade_status=negative but y is NaN
MIX436,sens,sds_grade_status=negative but y is NaN
MIX439,sens,sds_grade_status=negative but y is NaN
MIX440,sens,sds_grade_status=negative but y is NaN
MIX459,sens,sds_grade_status=negative but y is NaN
MIX464,sens,sds_grade_status=negative but y is NaN
MIX482,sens,sds_grade_status=negative but y is NaN
MIX491,sens,sds_grade_status=negative but y is NaN
MIX495,sens,sds_grade_status=negative but y is NaN
MIX527,sens,sds_grade_status=negative but y is NaN
MIX53,sens,sds_grade_status=negative but y is NaN
MIX547,sens,sds_grade_status=negative but y is NaN
MIX555,sens,sds_grade_status=negative but y is NaN
MIX571,sens,sds_grade_status=negative but y is NaN
MIX586,sens,sds_grade_status=negative but y is NaN
MIX592,sens,sds_grade_status=negative but y is NaN
MIX594,sens,sds_grade_status=negative but y is NaN
MIX603,sens,sds_grade_status=negative but y is NaN
MIX607,sens,sds_grade_status=negative but y is NaN
MIX608,sens,sds_grade_status=negative but y is NaN
MIX612,sens,sds_grade_status=negative but y is NaN
MIX617,sens,sds_grade_status=negative but y is NaN
MIX618,sens,sds_grade_status=negative but y is NaN
MIX621,sens,sds_grade_status=negative but y is NaN
MIX628,sens,sds_grade_status=negative but y is NaN
MIX632,sens,sds_grade_status=negative but y is NaN
MIX641,sens,sds_grade_status=negative but y is NaN
MIX645,sens,sds_grade_status=negative but y is NaN
MIX648,sens,sds_grade_status=negative but y is NaN
MIX649,sens,sds_grade_status=negative but y is NaN
MIX653,sens,sds_grade_status=negative but y is NaN
MIX655,sens,sds_grade_status=negative but y is NaN
MIX658,sens,sds_grade_status=negative but y is NaN
MIX659,sens,sds_grade_status=negative but y is NaN
MIX67,sens,sds_grade_status=negative but y is NaN
MIX672,sens,sds_grade_status=negative but y is NaN
MIX678,sens,sds_grade_status=negative but y is NaN
MIX686,sens,sds_grade_status=negative but y is NaN
MIX688,sens,sds_grade_status=negative but y is NaN
MIX693,sens,sds_grade_status=negative but y is NaN
MIX696,sens,sds_grade_status=negative but y is NaN
MIX699,sens,sds_grade_status=negative but y is NaN
MIX704,sens,sds_grade_status=negative but y is NaN
MIX706,sens,sds_grade_status=negative but y is NaN
MIX708,sens,sds_grade_status=negative but y is NaN
MIX709,sens,sds_grade_status=negative but y is NaN
MIX710,sens,sds_grade_status=negative but y is NaN
MIX712,sens,sds_grade_status=negative but y is NaN
MIX716,sens,sds_grade_status=negative but y is NaN
MIX752,sens,sds_grade_status=negative but y is NaN
MIX758,sens,sds_grade_status=negative but y is NaN
MIX765,sens,sds_grade_status=negative but y is NaN
MIX779,sens,sds_grade_status=negative but y is NaN
MIX783,sens,sds_grade_status=negative but y is NaN
MIX785,sens,sds_grade_status=negative but y is NaN
MIX790,sens,sds_grade_status=negative but y is NaN
MIX794,sens,sds_grade_status=negative but y is NaN
MIX799,sens,sds_grade_status=negative but y is NaN
MIX802,sens,sds_grade_status=negative but y is NaN
MIX803,sens,sds_grade_status=negative but y is NaN
MIX805,sens,sds_grade_status=negative but y is NaN
MIX806,sens,sds_grade_status=negative but y is NaN
MIX809,sens,sds_grade_status=negative but y is NaN
MIX810,sens,sds_grade_status=negative but y is NaN
MIX811,sens,sds_grade_status=negative but y is NaN
MIX823,sens,sds_grade_status=negative but y is NaN
MIX846,sens,sds_grade_status=negative but y is NaN
MIX849,sens,sds_grade_status=negative but y is NaN
MIX850,sens,sds_grade_status=negative but y is NaN
MIX891,sens,sds_grade_status=negative but y is NaN
MIX892,sens,sds_grade_status=negative but y is NaN
MIX905,sens,sds_grade_status=negative but y is NaN
MIX934,sens,sds_grade_status=negative but y is NaN
MIX95,sens,sds_grade_status=negative but y is NaN
