ing_cas_best,ing_name_best,canon_smiles,Formulation_ID,ing_idx,smiles_source,june_merge_basis
106-24-1,Geraniol 5.00,CC(C)=CCC/C(C)=C/CO,EyeIrritation6pack_PID802,3,pubchem_name,
106-24-1,Geraniol,CC(C)=CCCC(C)=CCO,EyeIrritation6pack_PID874,1,ntp_ice,
106-24-1,Geraniol,CC(C)=CCC/C(C)=C/CO,MIX1001,5,pubchem_name,
106-24-1,Geraniol,CC(C)=CCC/C(C)=C/CO,MIX1030,12,pubchem_name,
106-24-1,Geraniol,CC(C)=CCC/C(C)=C/CO,MIX1044,7,pubchem_name,
106-24-1,Geraniol,CC(C)=CCC/C(C)=C/CO,MIX1050,10,pubchem_name,
106-24-1,Geraniol 5.00,CC(C)=CCC/C(C)=C/CO,MIX380,3,pubchem_name,
106-24-1,Geraniol,CC(C)=CCCC(C)=CCO,MIX438,1,ntp_ice,
112926-00-8,"Silica, amorphous, precipitated and gel",O.O=[Si]=O,EyeIrritation6pack_PID167,1,pubchem_name,
112926-00-8,"Silica, amorphous",O=[Si]=O,EyeIrritation6pack_PID277,2,pubchem_name,
112926-00-8,precipitated silica,O=[Si]=O,EyeIrritation6pack_PID505,4,pubchem_name,
112926-00-8,Synthetic amorphous silica <=,O=[Si]=O,EyeIrritation6pack_PID585,2,,name_ref_unique
112926-00-8,"Silica, amorphous",O=[Si]=O,MIX127,2,pubchem_name,
112926-00-8,precipitated silica,O=[Si]=O,MIX271,4,pubchem_name,
112926-00-8,Synthetic amorphous silica,O=[Si]=O,MIX290,2,pubchem_name,
112926-00-8,Hydrated amorphous silica,O=[Si]=O,MIX437,2,pubchem_name,
112926-00-8,"Silica, amorphous, precipitated and gel",O.O=[Si]=O,MIX65,1,pubchem_name,
113-48-4,N-OCTYL BICYCLOHEPTENE DICARBOXIMIDE,CCCCC(CC)CN1C(=O)[C@@H]2[C@H](C1=O)[C@@H]1C=C[C@H]2C1,EyeIrritation6pack_PID224,3,pubchem_name,
113-48-4,Octylbicycloheptenedicarboximide,CCCCC(CC)CN1C(=O)C2C3C=CC(C3)C2C1=O,EyeIrritation6pack_PID631,4,ntp_ice,
113-48-4,1-5 2-ethylhexyl bicycloheptene dicarboximide,CCCCC(CC)CN1C(=O)[C@@H]2[C@H](C1=O)[C@@H]1C=C[C@H]2C1,EyeIrritation6pack_PID658,2,pubchem_name,
113-48-4,n-Octyl Bicycloheptene,CCCCC(CC)CN1C(=O)[C@@H]2[C@H](C1=O)[C@@H]1C=C[C@H]2C1,EyeIrritation6pack_PID861,2,pubchem_name,
113-48-4,Octylbicycloheptenedicarboximide,CCCCC(CC)CN1C(=O)C2C3C=CC(C3)C2C1=O,MIX302,4,ntp_ice,
113-48-4,2-Ethylhexyl bicycloheptene dicarboximide (MGK-264),CCCCC(CC)CN1C(=O)[C@@H]2[C@H](C1=O)[C@@H]1C=C[C@H]2C1,MIX328,2,pubchem_name,
113-48-4,n-Octyl Bicycloheptene,CCCCC(CC)CN1C(=O)[C@@H]2[C@H](C1=O)[C@@H]1C=C[C@H]2C1,MIX435,2,pubchem_name,
12069-69-1,Copper(II) carbonate basic,O=C([O][Cu][OH])[O][Cu][OH],EyeIrritation6pack_PID1048,5,ntp_ice,
12069-69-1,"Copper Carbonate, basic",O=C([O-])[O-].[Cu+2],MIX392,2,ntp_ice,
12069-69-1,Copper(II) carbonate basic,O=C([O][Cu][OH])[O][Cu][OH],MIX542,5,ntp_ice,
129558-76-5,GSP Crop Science Limited,CCc1nn(C)c(C(=O)NCc2ccc(Oc3ccc(C)cc3)cc2)c1Cl,EyeIrritation6pack_PID985,0,master_column,length_matched_all
129558-76-5,Tolfenpyrad EC,CN1CCCC1=O,EyeIrritation6pack_PID985,1,master_column,
129558-76-5,Tolfenpyrad,CN1CCCC1=O,MIX497,1,master_column,skipped_no_safe_pair
1317-39-1,dicopper oxide - <50,[Cu].[O]=[Cu],EyeIrritation6pack_PID875,0,pubchem_name,
1317-39-1,Cuprous oxide,[Cu+].[Cu+].[O-2],MIX116,1,ntp_ice,
1317-39-1,Dicopper oxide,[Cu].[O]=[Cu],MIX442,0,pubchem_name,
1317-39-1,Cuprous oxide,[Cu+].[Cu+].[O-2],MIX612,1,ntp_ice,
131860-33-8,Azoxystrobin,CO/C=C(/C(=O)OC)c1ccccc1Oc1cc(Oc2ccccc2C#N)ncn1,EyeIrritation6pack_PID103,2,pubchem_name,
131860-33-8,Azoxystrobin 50 NA NA NA NA,CO/C=C(/C(=O)OC)c1ccccc1Oc1cc(Oc2ccccc2C#N)ncn1,EyeIrritation6pack_PID107,0,pubchem_name,
131860-33-8,Azoxystrobin,COC=C(C(=O)OC)c1ccccc1Oc1cc(Oc2ccccc2C#N)ncn1,EyeIrritation6pack_PID23,1,ntp_ice,
131860-33-8,Azoxystrobin,COC=C(C(=O)OC)c1ccccc1Oc1cc(Oc2ccccc2C#N)ncn1,EyeIrritation6pack_PID272,2,ntp_ice,
131860-33-8,Azoxystrobin,COC=C(C(=O)OC)c1ccccc1Oc1cc(Oc2ccccc2C#N)ncn1,EyeIrritation6pack_PID273,4,ntp_ice,
131860-33-8,Azoxystrobin,COC=C(C(=O)OC)c1ccccc1Oc1cc(Oc2ccccc2C#N)ncn1,EyeIrritation6pack_PID476,4,ntp_ice,
131860-33-8,Azoxystrobin,COC=C(C(=O)OC)c1ccccc1Oc1cc(Oc2ccccc2C#N)ncn1,EyeIrritation6pack_PID521,2,ntp_ice,
131860-33-8,Azoxystrobin,COC=C(C(=O)OC)c1ccccc1Oc1cc(Oc2ccccc2C#N)ncn1,EyeIrritation6pack_PID53,2,ntp_ice,
131860-33-8,Azoxystrobin,COC=C(C(=O)OC)c1ccccc1Oc1cc(Oc2ccccc2C#N)ncn1,EyeIrritation6pack_PID610,2,ntp_ice,
131860-33-8,Azoxystrobin,COC=C(C(=O)OC)c1ccccc1Oc1cc(Oc2ccccc2C#N)ncn1,EyeIrritation6pack_PID628,2,ntp_ice,
131860-33-8,Azoxystrobin,COC=C(C(=O)OC)c1ccccc1Oc1cc(Oc2ccccc2C#N)ncn1,EyeIrritation6pack_PID901,3,ntp_ice,
131860-33-8,Azoxystrobin,COC=C(C(=O)OC)c1ccccc1Oc1cc(Oc2ccccc2C#N)ncn1,EyeIrritation6pack_PID924,3,ntp_ice,
131860-33-8,Azoxystrobin,COC=C(C(=O)OC)c1ccccc1Oc1cc(Oc2ccccc2C#N)ncn1,MIX10,1,ntp_ice,
131860-33-8,Azoxystrobin,COC=C(C(=O)OC)c1ccccc1Oc1cc(Oc2ccccc2C#N)ncn1,MIX118,4,ntp_ice,
131860-33-8,Azoxystrobin,COC=C(C(=O)OC)c1ccccc1Oc1cc(Oc2ccccc2C#N)ncn1,MIX14,2,ntp_ice,
131860-33-8,Azoxystrobin,COC=C(C(=O)OC)c1ccccc1Oc1cc(Oc2ccccc2C#N)ncn1,MIX143,2,ntp_ice,
131860-33-8,Azoxystrobin,CO/C=C(/C(=O)OC)c1ccccc1Oc1cc(Oc2ccccc2C#N)ncn1,MIX173,1,pubchem_name,
131860-33-8,Azoxystrobin,COC=C(C(=O)OC)c1ccccc1Oc1cc(Oc2ccccc2C#N)ncn1,MIX228,4,ntp_ice,
131860-33-8,Azoxystrobin,COC=C(C(=O)OC)c1ccccc1Oc1cc(Oc2ccccc2C#N)ncn1,MIX257,2,ntp_ice,
131860-33-8,Azoxystrobin,COC=C(C(=O)OC)c1ccccc1Oc1cc(Oc2ccccc2C#N)ncn1,MIX308,2,ntp_ice,
131860-33-8,Azoxystrobin,COC=C(C(=O)OC)c1ccccc1Oc1cc(Oc2ccccc2C#N)ncn1,MIX324,2,ntp_ice,
131860-33-8,Azoxystrobin,CO/C=C(/C(=O)OC)c1ccccc1Oc1cc(Oc2ccccc2C#N)ncn1,MIX33,2,pubchem_name,
131860-33-8,Azoxystrobin,CO/C=C(/C(=O)OC)c1ccccc1Oc1cc(Oc2ccccc2C#N)ncn1,MIX375,0,pubchem_name,
131860-33-8,Azoxystrobin,CO/C=C(/C(=O)OC)c1ccccc1Oc1cc(Oc2ccccc2C#N)ncn1,MIX39,0,pubchem_name,
131860-33-8,Azoxystrobin,COC=C(C(=O)OC)c1ccccc1Oc1cc(Oc2ccccc2C#N)ncn1,MIX452,3,ntp_ice,
131860-33-8,Azoxystrobin,COC=C(C(=O)OC)c1ccccc1Oc1cc(Oc2ccccc2C#N)ncn1,MIX462,3,ntp_ice,
131983-72-7,Triticonazole,CC1(C)CC/C(=C\c2ccc(Cl)cc2)C1(O)Cn1cncn1,EyeIrritation6pack_PID1004,0,pubchem_name,skipped_no_safe_pair
131983-72-7,Triticonazole,CC1(C)CC/C(=C\c2ccc(Cl)cc2)C1(O)Cn1cncn1,EyeIrritation6pack_PID218,2,pubchem_name,
131983-72-7,Triticonazole,CC1(C)CCC(=Cc2ccc(Cl)cc2)C1(O)Cn1cncn1,EyeIrritation6pack_PID228,3,ntp_ice,
131983-72-7,Triticonazole,CC1(C)CCC(=Cc2ccc(Cl)cc2)C1(O)Cn1cncn1,EyeIrritation6pack_PID43,1,ntp_ice,
131983-72-7,Triticonazole,CC1(C)CC/C(=C\c2ccc(Cl)cc2)C1(O)Cn1cncn1,EyeIrritation6pack_PID757,2,pubchem_name,
131983-72-7,Triticonazole,CC1(C)CCC(=Cc2ccc(Cl)cc2)C1(O)Cn1cncn1,EyeIrritation6pack_PID816,2,ntp_ice,
131983-72-7,Triticonazole,CC1(C)CCC(=Cc2ccc(Cl)cc2)C1(O)Cn1cncn1,EyeIrritation6pack_PID933,5,ntp_ice,
131983-72-7,Triticonazole,CC1(C)CCC(=Cc2ccc(Cl)cc2)C1(O)Cn1cncn1,MIX100,3,ntp_ice,
131983-72-7,Triticonazole,CC1(C)CC/C(=C\c2ccc(Cl)cc2)C1(O)Cn1cncn1,MIX106,2,pubchem_name,
131983-72-7,Triticonazole,CC1(C)CCC(=Cc2ccc(Cl)cc2)C1(O)Cn1cncn1,MIX28,1,ntp_ice,
131983-72-7,Triticonazole,CC1(C)CC/C(=C\c2ccc(Cl)cc2)C1(O)Cn1cncn1,MIX423,2,pubchem_name,
131983-72-7,Triticonazole,CC1(C)CCC(=Cc2ccc(Cl)cc2)C1(O)Cn1cncn1,MIX465,5,ntp_ice,
131983-72-7,Triticonazole,CC1(C)CC/C(=C\c2ccc(Cl)cc2)C1(O)Cn1cncn1,MIX516,0,pubchem_name,skipped_no_safe_pair
131983-72-7,Triticonazole,CC1(C)CCC(=Cc2ccc(Cl)cc2)C1(O)Cn1cncn1,MIX570,2,ntp_ice,
1330-20-7,Xylene,Cc1cccc(C)c1,Cancer_PID_1057,0,nci_cir,
1330-20-7,Xylene,Cc1cccc(C)c1,EyeIrritation6pack_PID456,2,nci_cir,
1330-20-7,215-535-7 Xylen Xn; R10-20/21-38,Cc1cccc(C)c1,EyeIrritation6pack_PID501,2,nci_cir,
1330-20-7,Xylene,Cc1cccc(C)c1,EyeIrritation6pack_PID871,3,nci_cir,
1330-20-7,xylene - <20,Cc1cccc(C)c1,EyeIrritation6pack_PID875,1,nci_cir,
1330-20-7,Xylene,Cc1ccccc1C,EyeIrritation6pack_PID905,4,nci_cir,
1330-20-7,Xylene,Cc1cccc(C)c1,MIX259,2,nci_cir,
1330-20-7,Xylene,Cc1cccc(C)c1,MIX442,1,nci_cir,
1330-20-7,Xylene,Cc1cccc(C)c1,MIX449,3,nci_cir,
1330-20-7,Xylene,Cc1ccccc1C,MIX468,4,nci_cir,
13463-41-7,Zinc pyrithione,c1ccn2[O-]->[Zn+2]3(<-[O-]n4ccccc4=[S]3)[S]=c2c1,EyeIrritation6pack_PID52,1,ntp_ice,
13463-41-7,Zinc Pyrithione <5,[O-][n+]1ccccc1[S-].[O-][n+]1ccccc1[S-].[Zn+2],EyeIrritation6pack_PID871,2,pubchem_name,
13463-41-7,Zinc pyrithione,c1ccn2[O-]->[Zn+2]3(<-[O-]n4ccccc4=[S]3)[S]=c2c1,MIX11,1,ntp_ice,
13463-41-7,Zinc Pyrithione,[O-][n+]1ccccc1[S-].[O-][n+]1ccccc1[S-].[Zn+2],MIX449,2,pubchem_name,
13463-41-7,Pyrithione zinc,c1ccn2[O-]->[Zn+2]3(<-[O-]n4ccccc4=[S]3)[S]=c2c1,MIX711,2,ntp_ice,
138261-41-3,Imidacloprid,O=[N+]([O-])/N=C1\NCCN1Cc1ccc(Cl)nc1,EyeIrritation6pack_PID1012,0,pubchem_name,
138261-41-3,Imidacloprid,O=[N+]([O-])/N=C1\NCCN1Cc1ccc(Cl)nc1,EyeIrritation6pack_PID1022,0,pubchem_name,
138261-41-3,"Imidazolidinimine, 1-[(6-chloro-3-pyridinyl)methyl]-N-nitro-, (2E)- ≥25 - ≤50",O=[N+]([O-])/N=C1\NCCN1Cc1ccc(Cl)nc1,EyeIrritation6pack_PID275,0,pubchem_name,
138261-41-3,Imidacloprid,O=[N+]([O-])N=C1NCCN1Cc1ccc(Cl)nc1,EyeIrritation6pack_PID375,1,ntp_ice,
138261-41-3,Imidacloprid,O=[N+]([O-])N=C1NCCN1Cc1ccc(Cl)nc1,EyeIrritation6pack_PID392,7,ntp_ice,
138261-41-3,Imidacloprid,O=[N+]([O-])N=C1NCCN1Cc1ccc(Cl)nc1,EyeIrritation6pack_PID437,2,ntp_ice,
138261-41-3,Imidacloprid ≤,O=[N+]([O-])/N=C1\NCCN1Cc1ccc(Cl)nc1,EyeIrritation6pack_PID54,2,pubchem_name,
138261-41-3,Imidacloprid 58.5 g/L,O=[N+]([O-])/N=C1\NCCN1Cc1ccc(Cl)nc1,EyeIrritation6pack_PID546,0,pubchem_name,
138261-41-3,Imidacloprid,O=[N+]([O-])N=C1NCCN1Cc1ccc(Cl)nc1,EyeIrritation6pack_PID548,2,ntp_ice,
138261-41-3,Imidacloprid,O=[N+]([O-])N=C1NCCN1Cc1ccc(Cl)nc1,EyeIrritation6pack_PID549,5,ntp_ice,
138261-41-3,Imidacloprid,O=[N+]([O-])N=C1NCCN1Cc1ccc(Cl)nc1,EyeIrritation6pack_PID555,1,ntp_ice,
138261-41-3,Imidacloprid,O=[N+]([O-])N=C1NCCN1Cc1ccc(Cl)nc1,EyeIrritation6pack_PID568,2,ntp_ice,
138261-41-3,Imidacloprid 13.77–15.22,O=[N+]([O-])/N=C1\NCCN1Cc1ccc(Cl)nc1,EyeIrritation6pack_PID571,0,pubchem_name,
138261-41-3,Imidacloprid,O=[N+]([O-])N=C1NCCN1Cc1ccc(Cl)nc1,EyeIrritation6pack_PID579,4,ntp_ice,
138261-41-3,Imidacloprid,O=[N+]([O-])N=C1NCCN1Cc1ccc(Cl)nc1,EyeIrritation6pack_PID616,4,ntp_ice,
138261-41-3,Imidacloprid,O=[N+]([O-])N=C1NCCN1Cc1ccc(Cl)nc1,EyeIrritation6pack_PID621,5,ntp_ice,
138261-41-3,Imidacloprid 0.10-0.125,O=[N+]([O-])/N=C1\NCCN1Cc1ccc(Cl)nc1,EyeIrritation6pack_PID65,0,pubchem_name,
138261-41-3,Imidacloprid,O=[N+]([O-])N=C1NCCN1Cc1ccc(Cl)nc1,EyeIrritation6pack_PID658,6,ntp_ice,
138261-41-3,Imidacloprid,O=[N+]([O-])/N=C1\NCCN1Cc1ccc(Cl)nc1,EyeIrritation6pack_PID702,0,pubchem_name,
138261-41-3,Imidacloprid,O=[N+]([O-])N=C1NCCN1Cc1ccc(Cl)nc1,EyeIrritation6pack_PID708,3,ntp_ice,
138261-41-3,Imidacloprid,O=[N+]([O-])N=C1NCCN1Cc1ccc(Cl)nc1,EyeIrritation6pack_PID717,1,ntp_ice,
138261-41-3,Imidacloprid,O=[N+]([O-])N=C1NCCN1Cc1ccc(Cl)nc1,EyeIrritation6pack_PID723,3,ntp_ice,
138261-41-3,Imidacloprid,O=[N+]([O-])N=C1NCCN1Cc1ccc(Cl)nc1,EyeIrritation6pack_PID726,2,ntp_ice,
138261-41-3,Imidacloprid,O=[N+]([O-])N=C1NCCN1Cc1ccc(Cl)nc1,EyeIrritation6pack_PID784,2,ntp_ice,
138261-41-3,Imidacloprid,O=[N+]([O-])/N=C1\NCCN1Cc1ccc(Cl)nc1,EyeIrritation6pack_PID809,0,pubchem_name,
138261-41-3,Imidacloprid,O=[N+]([O-])N=C1NCCN1Cc1ccc(Cl)nc1,EyeIrritation6pack_PID827,2,ntp_ice,
138261-41-3,mol,O=[N+]([O-])/N=C1\NCCN1Cc1ccc(Cl)nc1,EyeIrritation6pack_PID828,0,pubchem_name,
138261-41-3,Imidacloprid 10.6,O=[N+]([O-])/N=C1\NCCN1Cc1ccc(Cl)nc1,EyeIrritation6pack_PID853,0,pubchem_name,
138261-41-3,Imidacloprid,O=[N+]([O-])N=C1NCCN1Cc1ccc(Cl)nc1,EyeIrritation6pack_PID854,27,ntp_ice,
138261-41-3,Imidacloprid,O=[N+]([O-])/N=C1\NCCN1Cc1ccc(Cl)nc1,EyeIrritation6pack_PID867,0,pubchem_name,
138261-41-3,Imidacloprid,O=[N+]([O-])N=C1NCCN1Cc1ccc(Cl)nc1,EyeIrritation6pack_PID877,1,ntp_ice,
138261-41-3,Imidacloprid and none established,O=[N+]([O-])/N=C1\NCCN1Cc1ccc(Cl)nc1,EyeIrritation6pack_PID920,1,pubchem_name,
138261-41-3,Imidacloprid,O=[N+]([O-])N=C1NCCN1Cc1ccc(Cl)nc1,EyeIrritation6pack_PID967,2,ntp_ice,
138261-41-3,Imidacloprid,O=[N+]([O-])N=C1NCCN1Cc1ccc(Cl)nc1,EyeIrritation6pack_PID968,3,ntp_ice,
138261-41-3,Imidacloprid,O=[N+]([O-])N=C1NCCN1Cc1ccc(Cl)nc1,EyeIrritation6pack_PID969,2,ntp_ice,
138261-41-3,Imidacloprid,O=[N+]([O-])N=C1NCCN1Cc1ccc(Cl)nc1,EyeIrritation6pack_PID971,2,ntp_ice,
138261-41-3,Imidacloprid,O=[N+]([O-])N=C1NCCN1Cc1ccc(Cl)nc1,EyeIrritation6pack_PID972,3,ntp_ice,
138261-41-3,"Imidazolidinimine, 1-[(6-chloro-3-pyridinyl)methyl]-N-nitro-, (2E)- ≥25 - ≤50",O=[N+]([O-])/N=C1\NCCN1Cc1ccc(Cl)nc1,MIX124,0,pubchem_name,
138261-41-3,Imidacloprid,O=[N+]([O-])N=C1NCCN1Cc1ccc(Cl)nc1,MIX178,1,ntp_ice,
138261-41-3,Imidacloprid,O=[N+]([O-])N=C1NCCN1Cc1ccc(Cl)nc1,MIX187,4,ntp_ice,
138261-41-3,Imidacloprid,O=[N+]([O-])N=C1NCCN1Cc1ccc(Cl)nc1,MIX210,2,ntp_ice,
138261-41-3,Imidacloprid,O=[N+]([O-])/N=C1\NCCN1Cc1ccc(Cl)nc1,MIX267,0,pubchem_name,
138261-41-3,Imidacloprid,O=[N+]([O-])N=C1NCCN1Cc1ccc(Cl)nc1,MIX270,2,ntp_ice,
138261-41-3,Imidacloprid,O=[N+]([O-])N=C1NCCN1Cc1ccc(Cl)nc1,MIX272,5,ntp_ice,
138261-41-3,Imidacloprid,O=[N+]([O-])N=C1NCCN1Cc1ccc(Cl)nc1,MIX277,2,ntp_ice,
138261-41-3,Imidacloprid,O=[N+]([O-])/N=C1\NCCN1Cc1ccc(Cl)nc1,MIX282,0,pubchem_name,
138261-41-3,Imidacloprid,O=[N+]([O-])N=C1NCCN1Cc1ccc(Cl)nc1,MIX288,4,ntp_ice,
138261-41-3,Imidacloprid,O=[N+]([O-])/N=C1\NCCN1Cc1ccc(Cl)nc1,MIX30,0,pubchem_name,
138261-41-3,Imidacloprid,O=[N+]([O-])N=C1NCCN1Cc1ccc(Cl)nc1,MIX317,4,ntp_ice,
138261-41-3,Imidacloprid,O=[N+]([O-])N=C1NCCN1Cc1ccc(Cl)nc1,MIX320,5,ntp_ice,
138261-41-3,"Imidacloprid (Virbac Septicide SDS에 존재하지 않음 - 데이터 오류로 판단, 제외 권고)",O=[N+]([O-])N=C1NCCN1Cc1ccc(Cl)nc1,MIX328,6,ntp_ice,
138261-41-3,Imidacloprid,O=[N+]([O-])N=C1NCCN1Cc1ccc(Cl)nc1,MIX355,1,ntp_ice,
138261-41-3,Imidacloprid,O=[N+]([O-])/N=C1\NCCN1Cc1ccc(Cl)nc1,MIX386,0,pubchem_name,
138261-41-3,Imidacloprid,O=[N+]([O-])N=C1NCCN1Cc1ccc(Cl)nc1,MIX390,2,ntp_ice,
138261-41-3,Imidacloprid,O=[N+]([O-])N=C1NCCN1Cc1ccc(Cl)nc1,MIX391,3,ntp_ice,
138261-41-3,Imidacloprid,O=[N+]([O-])N=C1NCCN1Cc1ccc(Cl)nc1,MIX395,3,ntp_ice,
138261-41-3,Imidacloprid,O=[N+]([O-])N=C1NCCN1Cc1ccc(Cl)nc1,MIX403,2,ntp_ice,
138261-41-3,mol,O=[N+]([O-])/N=C1\NCCN1Cc1ccc(Cl)nc1,MIX405,0,pubchem_name,
138261-41-3,Imidacloprid,O=[N+]([O-])/N=C1\NCCN1Cc1ccc(Cl)nc1,MIX427,0,pubchem_name,
138261-41-3,Imidacloprid,O=[N+]([O-])N=C1NCCN1Cc1ccc(Cl)nc1,MIX430,27,ntp_ice,
138261-41-3,Imidacloprid,O=[N+]([O-])/N=C1\NCCN1Cc1ccc(Cl)nc1,MIX443,0,pubchem_name,
138261-41-3,Imidacloprid,O=[N+]([O-])N=C1NCCN1Cc1ccc(Cl)nc1,MIX446,1,ntp_ice,
138261-41-3,Imidacloprid,O=[N+]([O-])/N=C1\NCCN1Cc1ccc(Cl)nc1,MIX489,1,pubchem_name,
138261-41-3,Imidacloprid,O=[N+]([O-])/N=C1\NCCN1Cc1ccc(Cl)nc1,MIX529,0,pubchem_name,
138261-41-3,Imidacloprid,O=[N+]([O-])/N=C1\NCCN1Cc1ccc(Cl)nc1,MIX543,0,pubchem_name,
138261-41-3,Imidacloprid,O=[N+]([O-])/N=C1\NCCN1Cc1ccc(Cl)nc1,MIX562,0,pubchem_name,
138261-41-3,Imidacloprid,O=[N+]([O-])N=C1NCCN1Cc1ccc(Cl)nc1,MIX597,2,ntp_ice,
138261-41-3,Imidacloprid,O=[N+]([O-])N=C1NCCN1Cc1ccc(Cl)nc1,MIX603,1,ntp_ice,
138261-41-3,Imidacloprid,O=[N+]([O-])N=C1NCCN1Cc1ccc(Cl)nc1,MIX604,1,ntp_ice,
138261-41-3,Imidacloprid,O=[N+]([O-])N=C1NCCN1Cc1ccc(Cl)nc1,MIX605,1,ntp_ice,
138261-41-3,Imidacloprid,O=[N+]([O-])/N=C1\NCCN1Cc1ccc(Cl)nc1,MIX606,1,pubchem_name,
138261-41-3,Imidacloprid,O=[N+]([O-])N=C1NCCN1Cc1ccc(Cl)nc1,MIX607,1,ntp_ice,
138261-41-3,Imidacloprid,O=[N+]([O-])N=C1NCCN1Cc1ccc(Cl)nc1,MIX622,1,ntp_ice,
138261-41-3,Imidacloprid,O=[N+]([O-])N=C1NCCN1Cc1ccc(Cl)nc1,MIX640,3,ntp_ice,
138261-41-3,Imidacloprid,O=[N+]([O-])/N=C1\NCCN1Cc1ccc(Cl)nc1,MIX698,0,pubchem_name,
139968-49-3,Metaflumizone,N#Cc1ccc(CC(=NNC(=O)Nc2ccc(OC(F)(F)F)cc2)c2cccc(C(F)(F)F)c2)cc1,EyeIrritation6pack_PID116,1,ntp_ice,
139968-49-3,Metaflumizone HYDRAZINECARBOXAMIDE,N#Cc1ccc(C/C(=N\NC(=O)Nc2ccc(OC(F)(F)F)cc2)c2cccc(C(F)(F)F)c2)cc1,EyeIrritation6pack_PID642,0,pubchem_name,
139968-49-3,Molecular Weight: 506.40,N#Cc1ccc(C/C(=N\NC(=O)Nc2ccc(OC(F)(F)F)cc2)c2cccc(C(F)(F)F)c2)cc1,EyeIrritation6pack_PID643,0,pubchem_name,
139968-49-3,Metaflumizone,N#Cc1ccc(CC(=NNC(=O)Nc2ccc(OC(F)(F)F)cc2)c2cccc(C(F)(F)F)c2)cc1,MIX47,1,ntp_ice,
139968-49-3,Metaflumizone,N#Cc1ccc(C/C(=N\NC(=O)Nc2ccc(OC(F)(F)F)cc2)c2cccc(C(F)(F)F)c2)cc1,MIX48,0,pubchem_name,
139968-49-3,Metaflumizone HYDRAZINECARBOXAMIDE,N#Cc1ccc(C/C(=N\NC(=O)Nc2ccc(OC(F)(F)F)cc2)c2cccc(C(F)(F)F)c2)cc1,MIX53,0,pubchem_name,
141517-21-7,Trifloxystrobin,CO/N=C(/C(=O)OC)c1ccccc1CO/N=C(\C)c1cccc(C(F)(F)F)c1,EyeIrritation6pack_PID121,0,pubchem_name,
141517-21-7,Trifloxystrobin,CO/N=C(/C(=O)OC)c1ccccc1CO/N=C(\C)c1cccc(C(F)(F)F)c1,EyeIrritation6pack_PID37,1,pubchem_name,
141517-21-7,Trifloxystrobin,CON=C(C(=O)OC)c1ccccc1CON=C(C)c1cccc(C(F)(F)F)c1,EyeIrritation6pack_PID740,1,ntp_ice,
141517-21-7,Trifloxystrobin,CON=C(C(=O)OC)c1ccccc1CON=C(C)c1cccc(C(F)(F)F)c1,EyeIrritation6pack_PID748,2,ntp_ice,
141517-21-7,Trifloxystrobin,CO/N=C(/C(=O)OC)c1ccccc1CO/N=C(\C)c1cccc(C(F)(F)F)c1,EyeIrritation6pack_PID908,0,pubchem_name,
141517-21-7,Trifloxystrobin,CON=C(C(=O)OC)c1ccccc1CON=C(C)c1cccc(C(F)(F)F)c1,EyeIrritation6pack_PID978,5,ntp_ice,
141517-21-7,Trifloxystrobin,CO/N=C(/C(=O)OC)c1ccccc1CO/N=C(\C)c1cccc(C(F)(F)F)c1,MIX19,1,pubchem_name,
141517-21-7,Trifloxystrobin,CO/N=C(/C(=O)OC)c1ccccc1CO/N=C(\C)c1cccc(C(F)(F)F)c1,MIX368,2,pubchem_name,
141517-21-7,Trifloxystrobin,CON=C(C(=O)OC)c1ccccc1CON=C(C)c1cccc(C(F)(F)F)c1,MIX399,1,ntp_ice,
141517-21-7,Trifloxystrobin,CON=C(C(=O)OC)c1ccccc1CON=C(C)c1cccc(C(F)(F)F)c1,MIX415,2,ntp_ice,
141517-21-7,Trifloxystrobin,CO/N=C(/C(=O)OC)c1ccccc1CO/N=C(\C)c1cccc(C(F)(F)F)c1,MIX476,0,pubchem_name,
141517-21-7,Trifloxystrobin,CON=C(C(=O)OC)c1ccccc1CON=C(C)c1cccc(C(F)(F)F)c1,MIX488,2,ntp_ice,
141517-21-7,Trifloxystrobin,CON=C(C(=O)OC)c1ccccc1CON=C(C)c1cccc(C(F)(F)F)c1,MIX608,1,ntp_ice,
141517-21-7,Trifloxystrobin,CO/N=C(/C(=O)OC)c1ccccc1CO/N=C(\C)c1cccc(C(F)(F)F)c1,MIX61,0,pubchem_name,
141517-21-7,Trifloxystrobin,CON=C(C(=O)OC)c1ccccc1CON=C(C)c1cccc(C(F)(F)F)c1,MIX653,1,ntp_ice,
142459-58-3,Identifiers,CC(C)N(C(=O)COc1nnc(C(F)(F)F)s1)c1ccc(F)cc1,EyeIrritation6pack_PID443,0,pubchem_name,
142459-58-3,Flufenacet,CC(C)N(C(=O)COc1nnc(C(F)(F)F)s1)c1ccc(F)cc1,EyeIrritation6pack_PID444,0,pubchem_name,
142459-58-3,Flufenacet,CC(C)N(C(=O)COc1nnc(C(F)(F)F)s1)c1ccc(F)cc1,EyeIrritation6pack_PID651,4,ntp_ice,
142459-58-3,Identifiers,CC(C)N(C(=O)COc1nnc(C(F)(F)F)s1)c1ccc(F)cc1,MIX222,0,pubchem_name,
142459-58-3,"Flufenacet (ISO); N-(4-fluorophenyl)-N-isopropyl-2-(5-trifluoromethyl[1,3,4]thiadiazol-2-yloxy)acetamide",CC(C)N(C(=O)COc1nnc(C(F)(F)F)s1)c1ccc(F)cc1,MIX226,0,pubchem_name,
142459-58-3,Flufenacet,CSc1nnc(C(C)(C)C)c(=O)n1N,MIX316,0,pubchem_name,
142459-58-3,Flufenacet,CC(C)N(C(=O)COc1nnc(C(F)(F)F)s1)c1ccc(F)cc1,MIX577,1,ntp_ice,
153719-23-4,Thiamethoxam,CN1COCN(Cc2cnc(Cl)s2)/C1=N/[N+](=O)[O-],EyeIrritation6pack_PID103,8,pubchem_name,
153719-23-4,Thiamethoxam,CN1COCN(Cc2cnc(Cl)s2)C1=N[N+](=O)[O-],EyeIrritation6pack_PID1040,2,ntp_ice,
153719-23-4,Thiamethoxam,CN1COCN(Cc2cnc(Cl)s2)C1=N[N+](=O)[O-],EyeIrritation6pack_PID270,3,ntp_ice,
153719-23-4,Thiamethoxam,CN1COCN(Cc2cnc(Cl)s2)C1=N[N+](=O)[O-],EyeIrritation6pack_PID271,4,ntp_ice,
153719-23-4,Thiamethoxam,CN1COCN(Cc2cnc(Cl)s2)C1=N[N+](=O)[O-],EyeIrritation6pack_PID272,3,ntp_ice,
153719-23-4,"3-(2-chloro-1,3-thiazol-5-ylmethyl)-5- methyl-1,3,5-oxadiazinan-4- ylidene(nitro)amine",CN1COCN(Cc2cnc(Cl)s2)C1=N[N+](=O)[O-],EyeIrritation6pack_PID273,1,nci_cir,
153719-23-4,Thiamethoxam,CN1COCN(Cc2cnc(Cl)s2)/C1=N/[N+](=O)[O-],EyeIrritation6pack_PID273,2,pubchem_name,
153719-23-4,Thiamethoxam,CN1COCN(Cc2cnc(Cl)s2)/C1=N/[N+](=O)[O-],EyeIrritation6pack_PID367,0,pubchem_name,
153719-23-4,thiamethoxam,CN1COCN(Cc2cnc(Cl)s2)/C1=N/[N+](=O)[O-],EyeIrritation6pack_PID391,0,pubchem_name,
153719-23-4,Thiamethoxam,CN1COCN(Cc2cnc(Cl)s2)C1=N[N+](=O)[O-],EyeIrritation6pack_PID476,5,ntp_ice,
153719-23-4,Thiamethoxam,CN1COCN(Cc2cnc(Cl)s2)C1=N[N+](=O)[O-],EyeIrritation6pack_PID53,4,ntp_ice,
153719-23-4,"nicotine, salts of ≥ - ≤15",CN1COCN(Cc2cnc(Cl)s2)/C1=N/[N+](=O)[O-],EyeIrritation6pack_PID58,0,pubchem_name,
153719-23-4,Thiamethoxam,CN1COCN(Cc2cnc(Cl)s2)/C1=N/[N+](=O)[O-],EyeIrritation6pack_PID59,0,pubchem_name,
153719-23-4,thiamethoxam (ISO) <,CN1COCN(Cc2cnc(Cl)s2)/C1=N/[N+](=O)[O-],EyeIrritation6pack_PID719,0,pubchem_name,
153719-23-4,Thiamethoxam,CN1COCN(Cc2cnc(Cl)s2)C1=N[N+](=O)[O-],EyeIrritation6pack_PID764,1,ntp_ice,
153719-23-4,Thiamethoxam,CN1COCN(Cc2cnc(Cl)s2)C1=N[N+](=O)[O-],EyeIrritation6pack_PID924,4,ntp_ice,
153719-23-4,Thiamethoxam,CN1COCN(Cc2cnc(Cl)s2)C1=N[N+](=O)[O-],EyeIrritation6pack_PID928,2,ntp_ice,
153719-23-4,Thiamethoxam,CN1COCN(Cc2cnc(Cl)s2)C1=N[N+](=O)[O-],EyeIrritation6pack_PID979,2,ntp_ice,
153719-23-4,Thiamethoxam,CN1COCN(Cc2cnc(Cl)s2)C1=N[N+](=O)[O-],EyeIrritation6pack_PID980,3,ntp_ice,
153719-23-4,"3-(2-chloro-1,3-thiazol-5-ylmethyl)-5- methyl-1,3,5-oxadiazinan-4- ylidene(nitro)amine",CN1COCN(Cc2cnc(Cl)s2)C1=N[N+](=O)[O-],MIX118,1,nci_cir,
153719-23-4,Thiamethoxam,CN1COCN(Cc2cnc(Cl)s2)/C1=N/[N+](=O)[O-],MIX118,2,pubchem_name,
153719-23-4,Thiamethoxam,CN1COCN(Cc2cnc(Cl)s2)C1=N[N+](=O)[O-],MIX131,4,ntp_ice,
153719-23-4,Thiamethoxam,CN1COCN(Cc2cnc(Cl)s2)C1=N[N+](=O)[O-],MIX138,3,ntp_ice,
153719-23-4,Thiamethoxam,CN1COCN(Cc2cnc(Cl)s2)C1=N[N+](=O)[O-],MIX14,4,ntp_ice,
153719-23-4,Thiamethoxam,CN1COCN(Cc2cnc(Cl)s2)C1=N[N+](=O)[O-],MIX143,3,ntp_ice,
153719-23-4,Thiamethoxam,CN1COCN(Cc2cnc(Cl)s2)/C1=N/[N+](=O)[O-],MIX168,0,pubchem_name,
153719-23-4,Thiamethoxam,CN1COCN(Cc2cnc(Cl)s2)/C1=N/[N+](=O)[O-],MIX186,0,pubchem_name,
153719-23-4,"Nicotine, salts of",CN1COCN(Cc2cnc(Cl)s2)/C1=N/[N+](=O)[O-],MIX22,0,pubchem_name,
153719-23-4,Thiamethoxam,CN1COCN(Cc2cnc(Cl)s2)C1=N[N+](=O)[O-],MIX228,5,ntp_ice,
153719-23-4,Thiamethoxam,CN1COCN(Cc2cnc(Cl)s2)/C1=N/[N+](=O)[O-],MIX33,8,pubchem_name,
153719-23-4,Thiamethoxam (ISO),CN1COCN(Cc2cnc(Cl)s2)/C1=N/[N+](=O)[O-],MIX385,0,pubchem_name,
153719-23-4,Thiamethoxam,CN1COCN(Cc2cnc(Cl)s2)C1=N[N+](=O)[O-],MIX428,1,ntp_ice,
153719-23-4,Thiamethoxam,CN1COCN(Cc2cnc(Cl)s2)C1=N[N+](=O)[O-],MIX452,4,ntp_ice,
153719-23-4,Thiamethoxam,CN1COCN(Cc2cnc(Cl)s2)C1=N[N+](=O)[O-],MIX493,2,ntp_ice,
153719-23-4,Thiamethoxam,CN1COCN(Cc2cnc(Cl)s2)C1=N[N+](=O)[O-],MIX496,3,ntp_ice,
153719-23-4,Thiamethoxam,CN1COCN(Cc2cnc(Cl)s2)C1=N[N+](=O)[O-],MIX530,2,ntp_ice,
153719-23-4,Thiamethoxam,CN1COCN(Cc2cnc(Cl)s2)C1=N[N+](=O)[O-],MIX649,1,ntp_ice,
156052-68-5,Zoxamide,CCC(C)(NC(=O)c1cc(Cl)c(C)c(Cl)c1)C(=O)CCl,EyeIrritation6pack_PID1061,1,ntp_ice,
156052-68-5,Zoxamide,CCC(C)(NC(=O)c1cc(Cl)c(C)c(Cl)c1)C(=O)CCl,EyeIrritation6pack_PID1062,1,ntp_ice,
156052-68-5,Zoxamide,CCC(C)(NC(=O)c1cc(Cl)c(C)c(Cl)c1)C(=O)CCl,EyeIrritation6pack_PID1064,1,ntp_ice,
156052-68-5,Zoxamide,CCC(C)(NC(=O)c1cc(Cl)c(C)c(Cl)c1)C(=O)CCl,EyeIrritation6pack_PID684,1,pubchem_name,
156052-68-5,Zoxamide,CCC(C)(NC(=O)c1cc(Cl)c(C)c(Cl)c1)C(=O)CCl,MIX339,1,ntp_ice,
156052-68-5,Zoxamide,NC(=O)C(N)=O,MIX556,0,pubchem_name,
156052-68-5,Zoxamide,CCC(C)(NC(=O)c1cc(Cl)c(C)c(Cl)c1)C(=O)CCl,MIX556,1,ntp_ice,
156052-68-5,Zoxamide,CCC(C)(NC(=O)c1cc(Cl)c(C)c(Cl)c1)C(=O)CCl,MIX557,1,ntp_ice,
156052-68-5,Zoxamide,CCC(C)(NC(=O)c1cc(Cl)c(C)c(Cl)c1)C(=O)CCl,MIX558,1,ntp_ice,
16484-77-8,(R)-2-(4-Chloro-2-methylphenoxy)propionate,Cc1cc(Cl)ccc1O[C@H](C)C(=O)O,EyeIrritation6pack_PID377,2,ntp_ice,
16484-77-8,(R)-2-(4-Chloro-2-methylphenoxy)propionate,Cc1cc(Cl)ccc1O[C@H](C)C(=O)O,EyeIrritation6pack_PID632,1,ntp_ice,
16484-77-8,(R)-Mecoprop,Cc1cc(Cl)ccc1O[C@H](C)C(=O)O,MIX185,2,ntp_ice,
16484-77-8,MCPP-P 150 g/L not listed,Cc1cc(Cl)ccc1O[C@H](C)C(=O)O,MIX301,0,pubchem_name,
16484-77-8,MCPP-P (Mecoprop-P),Cc1cc(Cl)ccc1OC(C)C(=O)O,MIX301,1,ntp_ice,
16484-77-8,Mecoprop-P,Cc1cc(Cl)ccc1O[C@H](C)C(=O)O,MIX303,1,ntp_ice,
165252-70-0,1-Methyl-2-nitro-3-((tetrahydrofuran-3-yl)methyl)guanidine,CNC(=N[N+](=O)[O-])NCC1CCOC1,EyeIrritation6pack_PID1028,4,ntp_ice,
165252-70-0,Dinotefuran 202.21 (5)-6767,CN=C(NCC1CCOC1)N[N+](=O)[O-],EyeIrritation6pack_PID321,0,pubchem_name,
165252-70-0,Dinotefuran,CN=C(NCC1CCOC1)N[N+](=O)[O-],EyeIrritation6pack_PID323,0,pubchem_name,
165252-70-0,Dinotefuran (-No),CN=C(NCC1CCOC1)N[N+](=O)[O-],EyeIrritation6pack_PID324,0,pubchem_name,
165252-70-0,Dinotefuran,CN=C(NCC1CCOC1)N[N+](=O)[O-],EyeIrritation6pack_PID325,0,pubchem_name,
165252-70-0,"Dinotefuran, N-methyl-N′-nitro-N′′[(tetrahydro-3-furanyl)methyl] guanidine",CN=C(NCC1CCOC1)N[N+](=O)[O-],EyeIrritation6pack_PID839,0,pubchem_name,
165252-70-0,1-Methyl-2-nitro-3-((tetrahydrofuran-3-yl)methyl)guanidine,CNC(=N[N+](=O)[O-])NCC1CCOC1,EyeIrritation6pack_PID861,5,ntp_ice,
165252-70-0,1-Methyl-2-nitro-3-((tetrahydrofuran-3-yl)methyl)guanidine,CNC(=N[N+](=O)[O-])NCC1CCOC1,EyeIrritation6pack_PID919,2,ntp_ice,
165252-70-0,1-Methyl-2-nitro-3-((tetrahydrofuran-3-yl)methyl)guanidine,CNC(=N[N+](=O)[O-])NCC1CCOC1,EyeIrritation6pack_PID934,1,ntp_ice,
165252-70-0,1-Methyl-2-nitro-3-((tetrahydrofuran-3-yl)methyl)guanidine,CNC(=N[N+](=O)[O-])NCC1CCOC1,EyeIrritation6pack_PID938,1,ntp_ice,
165252-70-0,Dinotefuran,CN=C(NCC1CCOC1)N[N+](=O)[O-],MIX157,0,pubchem_name,
165252-70-0,Dinotefuran,CN=C(NCC1CCOC1)N[N+](=O)[O-],MIX159,0,pubchem_name,
165252-70-0,Dinotefuran,CN=C(NCC1CCOC1)N[N+](=O)[O-],MIX161,0,pubchem_name,
165252-70-0,Dinotefuran,CN=C(NCC1CCOC1)N[N+](=O)[O-],MIX170,0,pubchem_name,
165252-70-0,Dinotefuran,CNC(=N[N+](=O)[O-])NCC1CCOC1,MIX435,5,ntp_ice,
165252-70-0,Dinotefuran,CNC(=N[N+](=O)[O-])NCC1CCOC1,MIX463,1,ntp_ice,
165252-70-0,Dinotefuran,CNC(=N[N+](=O)[O-])NCC1CCOC1,MIX467,1,ntp_ice,
165252-70-0,Dinotefuran,CNC(=N[N+](=O)[O-])NCC1CCOC1,MIX486,2,ntp_ice,
165252-70-0,Dinotefuran,CNC(=N[N+](=O)[O-])NCC1CCOC1,MIX509,4,ntp_ice,
165252-70-0,Dinotefuran,CNC(=N[N+](=O)[O-])NCC1CCOC1,MIX627,1,ntp_ice,
165252-70-0,"Dinotefuran, N-methyl-N'-nitro-N''-[(tetrahydro-3-furanyl)methyl]guanidine",CNC(=N[N+](=O)[O-])NCC1CCOC1,MIX706,1,ntp_ice,
178928-70-6,Prothioconazole,OC(Cc1ccccc1Cl)(Cn1[nH]cnc1=S)C1(Cl)CC1,EyeIrritation6pack_PID459,1,pubchem_name,
178928-70-6,Prothioconazole,OC(Cc1ccccc1Cl)(Cn1nc[nH]c1=S)C1(Cl)CC1,EyeIrritation6pack_PID744,2,ntp_ice,
178928-70-6,Prothioconazole,OC(Cc1ccccc1Cl)(Cn1nc[nH]c1=S)C1(Cl)CC1,EyeIrritation6pack_PID745,1,ntp_ice,
178928-70-6,Prothioconazole,OC(Cc1ccccc1Cl)(Cn1[nH]cnc1=S)C1(Cl)CC1,EyeIrritation6pack_PID774,2,pubchem_name,
178928-70-6,Prothioconazole,OC(Cc1ccccc1Cl)(Cn1[nH]cnc1=S)C1(Cl)CC1,EyeIrritation6pack_PID783,0,pubchem_name,
178928-70-6,Prothioconazole,OC(Cc1ccccc1Cl)(Cn1nc[nH]c1=S)C1(Cl)CC1,EyeIrritation6pack_PID908,3,ntp_ice,
178928-70-6,Prothioconazole,OC(Cc1ccccc1Cl)(Cn1[nH]cnc1=S)C1(Cl)CC1,MIX242,1,pubchem_name,
178928-70-6,Prothioconazole,OC(Cc1ccccc1Cl)(Cn1[nH]cnc1=S)C1(Cl)CC1,MIX362,2,pubchem_name,
178928-70-6,Prothioconazole,OC(Cc1ccccc1Cl)(Cn1[nH]cnc1=S)C1(Cl)CC1,MIX369,0,pubchem_name,
178928-70-6,Prothioconazole,OC(Cc1ccccc1Cl)(Cn1nc[nH]c1=S)C1(Cl)CC1,MIX404,2,ntp_ice,
178928-70-6,Prothioconazole,OC(Cc1ccccc1Cl)(Cn1nc[nH]c1=S)C1(Cl)CC1,MIX407,1,ntp_ice,
178928-70-6,Prothioconazole,OC(Cc1ccccc1Cl)(Cn1nc[nH]c1=S)C1(Cl)CC1,MIX476,3,ntp_ice,
178928-70-6,Prothioconazole,OC(Cc1ccccc1Cl)(Cn1nc[nH]c1=S)C1(Cl)CC1,MIX608,2,ntp_ice,
2008-39-1,"(2,4-Dichlorophenoxy)acetic acid dimethylamine",C[NH2+]C.O=C([O-])COc1ccc(Cl)cc1Cl,EyeIrritation6pack_PID223,1,ntp_ice,
2008-39-1,"(2,4-Dichlorophenoxy)acetic acid dimethylamine",C[NH2+]C.O=C([O-])COc1ccc(Cl)cc1Cl,EyeIrritation6pack_PID224,6,ntp_ice,
2008-39-1,"(2,4-Dichlorophenoxy)acetic acid dimethylamine",C[NH2+]C.O=C([O-])COc1ccc(Cl)cc1Cl,EyeIrritation6pack_PID225,4,ntp_ice,
2008-39-1,"(2,4-Dichlorophenoxy)acetic acid dimethylamine",C[NH2+]C.O=C([O-])COc1ccc(Cl)cc1Cl,EyeIrritation6pack_PID226,1,ntp_ice,
2008-39-1,"(2,4-Dichlorophenoxy)acetic acid dimethylamine",C[NH2+]C.O=C([O-])COc1ccc(Cl)cc1Cl,EyeIrritation6pack_PID378,1,ntp_ice,
2008-39-1,"(2,4-Dichlorophenoxy)acetic acid dimethylamine",C[NH2+]C.O=C([O-])COc1ccc(Cl)cc1Cl,EyeIrritation6pack_PID379,4,ntp_ice,
2008-39-1,"(2,4-Dichlorophenoxy)acetic acid dimethylamine",C[NH2+]C.O=C([O-])COc1ccc(Cl)cc1Cl,EyeIrritation6pack_PID380,2,ntp_ice,
2008-39-1,"(2,4-Dichlorophenoxy)acetic acid dimethylamine",C[NH2+]C.O=C([O-])COc1ccc(Cl)cc1Cl,EyeIrritation6pack_PID381,6,ntp_ice,
2008-39-1,"Dimethylamine Salt of 2,4-Dichloro-phenoxyacetic acid",CNC.O=C(O)COc1ccc(Cl)cc1Cl,EyeIrritation6pack_PID592,0,pubchem_name,
2008-39-1,"(2,4-Dichlorophenoxy)acetic acid dimethylamine",C[NH2+]C.O=C([O-])COc1ccc(Cl)cc1Cl,EyeIrritation6pack_PID593,2,ntp_ice,
2008-39-1,"(2,4-Dichlorophenoxy)acetic acid dimethylamine",C[NH2+]C.O=C([O-])COc1ccc(Cl)cc1Cl,EyeIrritation6pack_PID892,1,ntp_ice,
2008-39-1,"2,4-D-dimethylammonium",C[NH2+]C.O=C([O-])COc1ccc(Cl)cc1Cl,MIX189,1,ntp_ice,
2008-39-1,"2,4-D-dimethylammonium (2,4-D dimethylamine salt)",C[NH2+]C.O=C([O-])COc1ccc(Cl)cc1Cl,MIX197,2,ntp_ice,
2008-39-1,"Dimethylamine Salt of 2,4-Dichloro-phenoxyacetic acid",CNC.O=C(O)COc1ccc(Cl)cc1Cl,MIX291,0,pubchem_name,
2008-39-1,"2,4-D dimethylamine salt",C[NH2+]C.O=C([O-])COc1ccc(Cl)cc1Cl,MIX450,1,ntp_ice,
2008-39-1,"2,4-D, dimethylamine salt (참고 SDS 내 추가 성분, 요청 목록 외)",C[NH2+]C.O=C([O-])COc1ccc(Cl)cc1Cl,MIX628,2,ntp_ice,
2008-39-1,"2,4-D-dimethylammonium",C[NH2+]C.O=C([O-])COc1ccc(Cl)cc1Cl,MIX684,1,ntp_ice,
2008-39-1,"2,4-D-dimethylammonium",C[NH2+]C.O=C([O-])COc1ccc(Cl)cc1Cl,MIX685,1,ntp_ice,
2008-39-1,"2,4-D-dimethylammonium",C[NH2+]C.O=C([O-])COc1ccc(Cl)cc1Cl,MIX688,1,ntp_ice,
2008-39-1,"2,4-D dimethylamine salt",C[NH2+]C.O=C([O-])COc1ccc(Cl)cc1Cl,MIX96,1,ntp_ice,
2008-39-1,"2,4-D dimethylamine salt",C[NH2+]C.O=C([O-])COc1ccc(Cl)cc1Cl,MIX98,4,ntp_ice,
203313-25-1,Spirotetramat,CCOC(=O)OC1=C(c2cc(C)ccc2C)C(=O)N[C@]12CC[C@@H](OC)CC2,EyeIrritation6pack_PID676,2,ntp_ice,
203313-25-1,spirotetramat (ISO),CCOC(=O)OC1=C(c2cc(C)ccc2C)C(=O)NC12CCC(OC)CC2,EyeIrritation6pack_PID897,0,pubchem_name,
203313-25-1,Spirotetramat,CCOC(=O)OC1=C(c2cc(C)ccc2C)C(=O)N[C@]12CC[C@@H](OC)CC2,MIX335,2,ntp_ice,
203313-25-1,Spirotetramat,CCOC(=O)OC1=C(c2cc(C)ccc2C)C(=O)NC12CCC(OC)CC2,MIX454,0,pubchem_name,
203313-25-1,Spirotetramet,CCOC(=O)OC1=C(c2cc(C)ccc2C)C(=O)N[C@]12CC[C@@H](OC)CC2,MIX454,1,ntp_ice,
210880-92-5,Clothianidin 30 - 60 Active ingredient,CN/C(=N\[N+](=O)[O-])NCc1cnc(Cl)s1,EyeIrritation6pack_PID251,0,pubchem_name,
210880-92-5,Clothianidin,CN/C(=N\[N+](=O)[O-])NCc1cnc(Cl)s1,EyeIrritation6pack_PID383,0,pubchem_name,
210880-92-5,Clothianidin,CNC(=N[N+](=O)[O-])NCc1cnc(Cl)s1,EyeIrritation6pack_PID437,3,ntp_ice,
210880-92-5,Clothianidin,CNC(=N[N+](=O)[O-])NCc1cnc(Cl)s1,EyeIrritation6pack_PID555,2,ntp_ice,
210880-92-5,Clothianidin 1 - 5 Active ingredient,CN/C(=N\[N+](=O)[O-])NCc1cnc(Cl)s1,EyeIrritation6pack_PID698,0,pubchem_name,
210880-92-5,Clothianidin,CNC(=N[N+](=O)[O-])NCc1cnc(Cl)s1,EyeIrritation6pack_PID70,1,ntp_ice,
210880-92-5,"Clothianidin [(E)-1-(2-chloro-1,3-thiazol-5-ylmethyl)-3-methyl-",CN/C(=N\[N+](=O)[O-])NCc1cnc(Cl)s1,EyeIrritation6pack_PID71,0,pubchem_name,
210880-92-5,Clothianidin,CNC(=N[N+](=O)[O-])NCc1cnc(Cl)s1,EyeIrritation6pack_PID739,2,ntp_ice,
210880-92-5,Clothianidin,CNC(=N[N+](=O)[O-])NCc1cnc(Cl)s1,EyeIrritation6pack_PID740,2,ntp_ice,
210880-92-5,Clothianidin,CNC(=N[N+](=O)[O-])NCc1cnc(Cl)s1,EyeIrritation6pack_PID977,5,ntp_ice,
210880-92-5,Clothianidin,CNC(=N[N+](=O)[O-])NCc1cnc(Cl)s1,EyeIrritation6pack_PID983,6,ntp_ice,
210880-92-5,Clothianidin 30 - 60 Active ingredient,CN/C(=N\[N+](=O)[O-])NCc1cnc(Cl)s1,MIX115,0,pubchem_name,
210880-92-5,Clothianidin,CN/C(=N\[N+](=O)[O-])NCc1cnc(Cl)s1,MIX206,0,pubchem_name,
210880-92-5,Clothianidin,CNC(=N[N+](=O)[O-])NCc1cnc(Cl)s1,MIX210,3,ntp_ice,
210880-92-5,Clothianidin,CNC(=N[N+](=O)[O-])NCc1cnc(Cl)s1,MIX34,1,ntp_ice,
210880-92-5,Clothianidin,CN/C(=N\[N+](=O)[O-])NCc1cnc(Cl)s1,MIX35,1,pubchem_name,
210880-92-5,Clothianidin,CN/C(=N\[N+](=O)[O-])NCc1cnc(Cl)s1,MIX352,0,pubchem_name,
210880-92-5,Clothianidin,CN/C(=N\[N+](=O)[O-])NCc1cnc(Cl)s1,MIX368,0,pubchem_name,
210880-92-5,Clothianidin,CNC(=N[N+](=O)[O-])NCc1cnc(Cl)s1,MIX398,2,ntp_ice,
210880-92-5,Clothianidin,CNC(=N[N+](=O)[O-])NCc1cnc(Cl)s1,MIX399,2,ntp_ice,
210880-92-5,Clothianidin,CNC(=N[N+](=O)[O-])NCc1cnc(Cl)s1,MIX491,5,ntp_ice,
210880-92-5,Clothianidin,CNC(=N[N+](=O)[O-])NCc1cnc(Cl)s1,MIX494,6,ntp_ice,
210880-92-5,Clothianidin,CNC(=N[N+](=O)[O-])NCc1cnc(Cl)s1,MIX574,1,ntp_ice,
210880-92-5,Clothianidin,CN/C(=N\[N+](=O)[O-])NCc1cnc(Cl)s1,MIX623,0,pubchem_name,
210880-92-5,Clothianidin,CNC(=N[N+](=O)[O-])NCc1cnc(Cl)s1,MIX653,2,ntp_ice,
210880-92-5,Clothianidin,CNC(=N[N+](=O)[O-])NCc1cnc(Cl)s1,MIX698,1,ntp_ice,
22248-79-9,Tetrachlorvinphos,COP(=O)(OC)O/C(=C\Cl)c1cc(Cl)c(Cl)cc1Cl,EyeIrritation6pack_PID804,1,pubchem_name,
22248-79-9,Tetrachlorvinphos,COP(=O)(OC)O/C(=C\Cl)c1cc(Cl)c(Cl)cc1Cl,MIX382,1,pubchem_name,
22248-79-9,Tetrachlorvinphos,COP(=O)(OC)OC(=CCl)c1cc(Cl)c(Cl)cc1Cl,MIX559,2,ntp_ice,
240494-70-6,Metofluthrin,CC=CC1C(C(=O)OCc2c(F)c(F)c(COC)c(F)c2F)C1(C)C,EyeIrritation6pack_PID217,2,ntp_ice,
240494-70-6,Metofluthrin,CC=CC1C(C(=O)OCc2c(F)c(F)c(COC)c(F)c2F)C1(C)C,EyeIrritation6pack_PID302,1,ntp_ice,
240494-70-6,Metofluthrin,C/C=C/C1C(C(=O)OCc2c(F)c(F)c(COC)c(F)c2F)C1(C)C,EyeIrritation6pack_PID383,1,pubchem_name,
240494-70-6,Metofluthrin,CC=CC1C(C(=O)OCc2c(F)c(F)c(COC)c(F)c2F)C1(C)C,EyeIrritation6pack_PID700,2,ntp_ice,
240494-70-6,Metofluthrin,CC=CC1C(C(=O)OCc2c(F)c(F)c(COC)c(F)c2F)C1(C)C,EyeIrritation6pack_PID914,1,ntp_ice,
240494-70-6,Metofluthrin,C/C=C/C1C(C(=O)OCc2c(F)c(F)c(COC)c(F)c2F)C1(C)C,MIX206,1,pubchem_name,
240494-70-6,Metofluthrin,CC=CC1C(C(=O)OCc2c(F)c(F)c(COC)c(F)c2F)C1(C)C,MIX479,1,ntp_ice,
240494-70-6,Metofluthrin,CC=CC1C(C(=O)OCc2c(F)c(F)c(COC)c(F)c2F)C1(C)C,MIX579,1,ntp_ice,
240494-70-6,Metofluthrin,CC=CC1C(C(=O)OCc2c(F)c(F)c(COC)c(F)c2F)C1(C)C,MIX675,1,ntp_ice,
240494-70-6,Metofluthrin,CC=CC1C(C(=O)OCc2c(F)c(F)c(COC)c(F)c2F)C1(C)C,MIX703,1,ntp_ice,
25155-30-0,SODIUM DODECYLBENZENESULFONATE,CCCCCCCCCCCCc1ccccc1S(=O)(=O)[O-].[Na+],EyeIrritation6pack_PID505,0,pubchem_name,
25155-30-0,SODIUM DODECYLBENZENESULFONATE,CCCCCCCCCCCCc1ccccc1S(=O)(=O)[O-].[Na+],MIX271,0,pubchem_name,
25155-30-0,Sodium Dodecylbenzene Sulfonate,O=C([O-])[O-].[Na+].[Na+],MIX285,2,pubchem_name,
25155-30-0,Sodium Dodecylbenzene Sulfonate,CCCCCCCCCCCCc1ccccc1S(=O)(=O)[O-].[Na+],MIX285,3,pubchem_name,
26172-55-4,5-Chloro-2-methyl-3(2H)-isothiazolone,Cn1sc(Cl)cc1=O,EyeIrritation6pack_PID47,25,ntp_ice,
26172-55-4,5-Chloro-2-methyl-3(2H)-isothiazolone,Cn1sc(Cl)cc1=O,EyeIrritation6pack_PID48,3,ntp_ice,
26172-55-4,5-Chloro-2-methyl-3(2H)-isothiazolone,Cn1sc(Cl)cc1=O,EyeIrritation6pack_PID49,1,ntp_ice,
26172-55-4,5-Chloro-2-methyl-3(2H)-isothiazolone,Cn1sc(Cl)cc1=O,EyeIrritation6pack_PID773,3,ntp_ice,
26172-55-4,5-Chloro-2-methyl-4-isothiazolin-3-one >= 0.6,Cn1sc(Cl)cc1=O,EyeIrritation6pack_PID822,1,pubchem_name,
26172-55-4,5-Chloro-2-methyl-3(2H)-isothiazolone,Cn1sc(Cl)cc1=O,MIX278,1,ntp_ice,
26172-55-4,5-Chloro-2-methyl-3(2H)-isothiazolone (CMIT),Cn1sc(Cl)cc1=O,MIX361,3,ntp_ice,
26172-55-4,5-Chloro-2-methyl-4-isothiazolin-3-one,Cn1sc(Cl)cc1=O,MIX400,1,pubchem_name,
26172-55-4,5-Chloro-2-methyl-4-isothiazolin-3-one,Cn1sc(Cl)cc1=O,MIX6,25,ntp_ice,
26172-55-4,5-Chloro-2-methyl-4-isothiazolin-3-one,Cn1sc(Cl)cc1=O,MIX663,1,ntp_ice,
26172-55-4,5-Chloro-2-methyl-4-isothiazolin-3-one (CMIT),Cn1sccc1=O,MIX8,0,pubchem_name,
26172-55-4,5-Chloro-2-methyl-3(2H)-isothiazolone,Cn1sc(Cl)cc1=O,MIX8,1,ntp_ice,
2682-20-4,2-Methyl-4-Isothiazolin-3-one,Cn1sccc1=O,EyeIrritation6pack_PID124,3,pubchem_name,
2682-20-4,2-Methyl-3(2H)-isothiazolone,Cn1sccc1=O,EyeIrritation6pack_PID47,26,ntp_ice,
2682-20-4,2-Methyl-3(2H)-isothiazolone,Cn1sccc1=O,EyeIrritation6pack_PID48,5,ntp_ice,
2682-20-4,2-methylisothiazol-3(2H)-one ca,Cn1sccc1=O,EyeIrritation6pack_PID49,0,pubchem_name,
2682-20-4,2-Methyl-3(2H)-isothiazolone,Cn1sccc1=O,EyeIrritation6pack_PID52,2,ntp_ice,
2682-20-4,2-Methyl-4-isothiazolin-3-one >= 0.1,Cn1sccc1=O,EyeIrritation6pack_PID822,2,pubchem_name,
2682-20-4,2-Methyl-3(2H)-isothiazolone,Cn1sccc1=O,MIX11,2,ntp_ice,
2682-20-4,2-methylisothiazol-3(2H)-one,Cn1sccc1=O,MIX273,4,pubchem_name,
2682-20-4,2-Methyl-3(2H)-isothiazolone,Cn1sccc1=O,MIX278,2,ntp_ice,
2682-20-4,2-Methyl-3(2H)-isothiazolone (MIT),O=S1C=CC=N1,MIX361,1,nci_cir,
2682-20-4,2-Methyl-4-isothiazolin-3-one,Cn1sccc1=O,MIX400,2,pubchem_name,
2682-20-4,2-Methyl-2H-isothiazol-3-one,Cn1sccc1=O,MIX57,4,pubchem_name,
2682-20-4,2-Methyl-3(2H)-isothiazolone,Cn1sccc1=O,MIX6,26,ntp_ice,
2682-20-4,Methylisothiazolinone,Cn1sccc1=O,MIX60,11,ntp_ice,
2682-20-4,Methylisothiazolinone,Cn1sccc1=O,MIX663,3,ntp_ice,
2682-20-4,2-Methyl-4-Isothiazolin-3-one,Cn1sccc1=O,MIX68,3,pubchem_name,
2893-78-9,Sodium Dichloro-S-Triazinetrione,O=c1nc([O-])n(Cl)c(=O)n1Cl.[Na+],EyeIrritation6pack_PID157,0,pubchem_name,
2893-78-9,Sodium dichloroisocyanurate,O=c1[n-]c(=O)n(Cl)c(=O)n1Cl.[Na+],EyeIrritation6pack_PID229,1,ntp_ice,
2893-78-9,Sodium dichloroisocyanurate,O=c1[n-]c(=O)n(Cl)c(=O)n1Cl.[Na+],EyeIrritation6pack_PID572,2,ntp_ice,
2893-78-9,Sodium dichloroisocyanurate,O=c1[n-]c(=O)n(Cl)c(=O)n1Cl.[Na+],EyeIrritation6pack_PID691,3,ntp_ice,
2893-78-9,Troclosene sodium,O=c1[n-]c(=O)n(Cl)c(=O)n1Cl.[Na+],MIX101,1,ntp_ice,
2893-78-9,Sodium dichloroisocyanurate,O=c1[n-]c(=O)n(Cl)c(=O)n1Cl.[Na+],MIX285,5,ntp_ice,
2893-78-9,Troclosene sodium,O=c1[n-]c(=O)n(Cl)c(=O)n1Cl.[Na+],MIX343,3,ntp_ice,
2893-78-9,Sodium Dichloro-S-Triazinetrione (Troclosene sodium 계열),O=c1nc([O-])n(Cl)c(=O)n1Cl.[Na+],MIX62,0,pubchem_name,
361377-29-9,Fluoxastrobin,CO/N=C(/C1=NOCCO1)c1ccccc1Oc1ncnc(Oc2ccccc2Cl)c1F,EyeIrritation6pack_PID326,0,pubchem_name,
361377-29-9,Fluoxastrobin,CON=C(C1=NOCCO1)c1ccccc1Oc1ncnc(Oc2ccccc2Cl)c1F,EyeIrritation6pack_PID462,1,ntp_ice,
361377-29-9,Fluoxastrobin,CON=C(C1=NOCCO1)c1ccccc1Oc1ncnc(Oc2ccccc2Cl)c1F,MIX212,1,ntp_ice,
361377-29-9,Fluoxastrobin,CON=C(C1=NOCCO1)c1ccccc1Oc1ncnc(Oc2ccccc2Cl)c1F,MIX686,1,ntp_ice,
3619-17-8,Isobutyric acid hydrazide (isobutyrohydrazide),CCCC(=O)NN,MIX642,0,pubchem_name,
3619-17-8,Isobutyric acid hydrazide,CC(C)C(=O)NN,MIX642,1,ntp_ice,
38641-94-0,Isopropylamine salt of glyphosate,CC(C)N.O=C(O)CNCP(=O)(O)O,EyeIrritation6pack_PID377,0,pubchem_name,
38641-94-0,Glyphosate isopropylamine,CC(C)N.O=C(O)CNCP(=O)(O)O,EyeIrritation6pack_PID414,6,ntp_ice,
38641-94-0,Isopropylamine Salt of Glyphosate,CC(C)N.O=C(O)CNCP(=O)(O)O,EyeIrritation6pack_PID61,0,pubchem_name,
38641-94-0,"isopropylamine salt (EC no) -8 Poly(oxy-1,2-ethanediyl),.alpha.-phosphono-.omega.-",CC(C)N.O=C(O)CNCP(=O)(O)O,EyeIrritation6pack_PID869,0,pubchem_name,
38641-94-0,Isopropylamine salt of glyphosate,CC(C)N.O=C(O)CNCP(=O)(O)O,MIX185,0,pubchem_name,
38641-94-0,Glyphosate isopropylamine,CC(C)N.O=C(O)CNCP(=O)(O)O,MIX199,3,ntp_ice,
38641-94-0,Isopropylamine salt of glyphosate,CC(C)N.O=C(O)CNCP(=O)(O)O,MIX25,0,pubchem_name,
38641-94-0,"Glyphosate, N-(phosphonomethyl)glycine, in form of its isopropylamine salt",O=C(O)CNCP(=O)(O)O,MIX445,2,ntp_ice,
38641-94-0,Isopropylamine salt of Glyphosate,CC(C)N.O=C(O)CNCP(=O)(O)O,MIX694,0,pubchem_name,
431040-31-2,"butoxy, isopropylamine salt , phosphate (2-hydroxypropyl) ammonium",CC(O)CN.O=P(O)(O)O,EyeIrritation6pack_PID869,1,master_column,
431040-31-2,"Poly(oxy-1,2-ethanediyl), alpha-phosphono-omega-butoxy, isopropylamine salt",CC(C)N.O=C(O)CNCP(=O)(O)O,MIX445,0,pubchem_name,
52315-07-8,Cypermethrin,CC1(C)C(C=C(Cl)Cl)C1C(=O)OC(C#N)c1cccc(Oc2ccccc2)c1,EyeIrritation6pack_PID1019,2,ntp_ice,
52315-07-8,Cypermethrin,CC1(C)C(C=C(Cl)Cl)C1C(=O)OC(C#N)c1cccc(Oc2ccccc2)c1,EyeIrritation6pack_PID1037,0,pubchem_name,
52315-07-8,Cypermethrin,CC1(C)C(C=C(Cl)Cl)C1C(=O)OC(C#N)c1cccc(Oc2ccccc2)c1,EyeIrritation6pack_PID167,0,pubchem_name,
52315-07-8,mol,CC1(C)C(C=C(Cl)Cl)C1C(=O)OC(C#N)c1cccc(Oc2ccccc2)c1,EyeIrritation6pack_PID288,0,pubchem_name,
52315-07-8,Cypermethrin,CC1(C)C(C=C(Cl)Cl)C1C(=O)OC(C#N)c1cccc(Oc2ccccc2)c1,EyeIrritation6pack_PID417,1,pubchem_name,
52315-07-8,Zeta-cypermethrin (F2700),CC1(C)C(C=C(Cl)Cl)C1C(=O)OC(C#N)c1cccc(Oc2ccccc2)c1,EyeIrritation6pack_PID533,1,pubchem_name,
52315-07-8,Cypermethrin,CC1(C)C(C=C(Cl)Cl)C1C(=O)OC(C#N)c1cccc(Oc2ccccc2)c1,EyeIrritation6pack_PID655,6,ntp_ice,
52315-07-8,Cypermethrin,CC1(C)C(C=C(Cl)Cl)C1C(=O)OC(C#N)c1cccc(Oc2ccccc2)c1,EyeIrritation6pack_PID677,1,ntp_ice,
52315-07-8,Cypermethrin,CC1(C)C(C=C(Cl)Cl)C1C(=O)OC(C#N)c1cccc(Oc2ccccc2)c1,EyeIrritation6pack_PID678,7,ntp_ice,
52315-07-8,Cypermethrin,CC1(C)C(C=C(Cl)Cl)C1C(=O)OC(C#N)c1cccc(Oc2ccccc2)c1,EyeIrritation6pack_PID800,0,pubchem_name,
52315-07-8,Zeta-cypermethrin,CC1(C)C(C=C(Cl)Cl)C1C(=O)O[C@H](C#N)c1cccc(Oc2ccccc2)c1,MIX261,3,ntp_ice,
52315-07-8,Cypermethrin,CC1(C)C(C=C(Cl)Cl)C1C(=O)OCc1cccc(Oc2ccccc2)c1,MIX321,2,pubchem_name,
52315-07-8,Cypermethrin,CC1(C)C(C=C(Cl)Cl)C1C(=O)OC(C#N)c1cccc(Oc2ccccc2)c1,MIX321,6,ntp_ice,
52315-07-8,Cypermethrin,CC1(C)C(C=C(Cl)Cl)C1C(=O)OC(C#N)c1cccc(Oc2ccccc2)c1,MIX336,7,ntp_ice,
52315-07-8,Cypermethrin,CC1(C)C(C=C(Cl)Cl)C1C(=O)OC(C#N)c1cccc(Oc2ccccc2)c1,MIX378,0,pubchem_name,
52315-07-8,Cypermethrin,CC1(C)C(C=C(Cl)Cl)C1C(=O)OC(C#N)c1cccc(Oc2ccccc2)c1,MIX524,0,pubchem_name,
52315-07-8,Cypermethrin,CC1(C)C(C=C(Cl)Cl)C1C(=O)OC(C#N)c1cccc(Oc2ccccc2)c1,MIX538,2,ntp_ice,
52315-07-8,Cypermethrin,CC1(C)C(C=C(Cl)Cl)C1C(=O)OC(C#N)c1cccc(Oc2ccccc2)c1,MIX594,1,ntp_ice,
52315-07-8,Cypermethrin,CC1(C)C(C=C(Cl)Cl)C1C(=O)OC(C#N)c1cccc(Oc2ccccc2)c1,MIX630,1,ntp_ice,
52315-07-8,Cypermethrin,CC1(C)C(C=C(Cl)Cl)C1C(=O)OC(C#N)c1cccc(Oc2ccccc2)c1,MIX65,0,pubchem_name,
56-72-4,Coumaphos,CCOP(=S)(OCC)Oc1ccc2c(C)c(Cl)c(=O)oc2c1,EyeIrritation6pack_PID252,1,ntp_ice,
56-72-4,Coumaphos,CCOP(=S)(OCC)Oc1ccc2c(C)c(Cl)c(=O)oc2c1,EyeIrritation6pack_PID253,2,ntp_ice,
56-72-4,Coumaphos Technical,CCOP(=S)(OCC)Oc1ccc2c(C)c(Cl)c(=O)oc2c1,EyeIrritation6pack_PID254,0,pubchem_name,
56-72-4,Coumaphos,CCOP(=S)(OCC)Oc1ccc2c(C)c(Cl)c(=O)oc2c1,EyeIrritation6pack_PID255,2,ntp_ice,
56-72-4,Coumaphos,CCOP(=S)(OCC)Oc1ccc2c(C)c(Cl)c(=O)oc2c1,EyeIrritation6pack_PID256,0,pubchem_name,
56-72-4,Coumaphos,CCOP(=S)(OCC)Oc1ccc2c(C)c(Cl)c(=O)oc2c1,MIX117,1,ntp_ice,
56-72-4,phosphorothioate,[O-]P([O-])([O-])=S,MIX119,0,pubchem_name,
56-72-4,Coumaphos,CCOP(=S)(OCC)Oc1ccc2c(C)c(Cl)c(=O)oc2c1,MIX119,2,ntp_ice,
56-72-4,Coumaphos Technical,CCOP(=S)(OCC)Oc1ccc2c(C)c(Cl)c(=O)oc2c1,MIX120,0,pubchem_name,
56-72-4,Coumaphos,CCOP(=S)(OCC)Oc1ccc2c(C)c(Cl)c(=O)oc2c1,MIX121,2,ntp_ice,
56-72-4,Coumaphos,CCOP(=S)(OCC)Oc1ccc2c(C)c(Cl)c(=O)oc2c1,MIX576,1,ntp_ice,
566191-89-7,Aminopyralid Triisopropanolamine Salt,CC(O)CN(CC(C)O)CC(C)O.Nc1cc(Cl)nc(C(=O)O)c1Cl,EyeIrritation6pack_PID77,0,pubchem_name,
566191-89-7,Aminopyralid Triisopropanolamine Salt,Nc1cc(Cl)nc(C(=O)O)c1Cl,MIX42,1,ntp_ice,
57-55-6,Propylene glycol 5-10,CC(O)CO,EyeIrritation6pack_PID1028,2,pubchem_name,
57-55-6,Propylene Glycol,CC(O)CO,EyeIrritation6pack_PID103,1,pubchem_name,
57-55-6,Propylene Glycol not listed,CC(O)CO,EyeIrritation6pack_PID277,1,master_column,length_matched_all
57-55-6,2-Propanediol <,CC(O)CO,EyeIrritation6pack_PID345,2,,name_ref_unique
57-55-6,Propylene glycol,CC(O)CO,EyeIrritation6pack_PID390,3,pubchem_name,
57-55-6,Propylene Glycol,CC(O)CO,EyeIrritation6pack_PID459,3,pubchem_name,name_cas_length_matched
57-55-6,"propane-,2-diol 3",CC(O)CO,EyeIrritation6pack_PID463,2,pubchem_name,
57-55-6,Propylene glycol,CC(O)CO,EyeIrritation6pack_PID478,1,pubchem_name,
57-55-6,Propylene glycol >= 3 - <,CC(O)CO,EyeIrritation6pack_PID556,1,pubchem_name,
57-55-6,Propylene glycol 7.6,CC(O)CO,EyeIrritation6pack_PID571,2,pubchem_name,
57-55-6,Propylene glycol 3 - 7 Humectant,CC(O)CO,EyeIrritation6pack_PID698,3,pubchem_name,
57-55-6,Propylene glycol,CC(O)CO,EyeIrritation6pack_PID757,5,pubchem_name,
57-55-6,"propane-,2-diol >= 1 - <",CC(O)CO,EyeIrritation6pack_PID803,3,master_column,
57-55-6,2-Propanediol,CC(O)CO,EyeIrritation6pack_PID809,3,master_column,
57-55-6,Propylene Glycol,CC(O)CO,EyeIrritation6pack_PID857,2,pubchem_name,name_ref_unique
57-55-6,Propylene Glycol not listed,CC(O)CO,MIX127,1,master_column,length_matched_all
57-55-6,Propylene glycol,CC(O)CO,MIX184,3,pubchem_name,
57-55-6,Propylene Glycol,CC(O)CO,MIX194,1,pubchem_name,
57-55-6,"Propane-1,2-diol (propylene glycol)",CC(O)CO,MIX213,2,pubchem_name,
57-55-6,"1,2-Propanediol",CC(O)CO,MIX242,3,pubchem_name,skipped_no_safe_pair
57-55-6,Propylene glycol,CC(O)CO,MIX256,4,pubchem_name,
57-55-6,Propylene glycol,CC(O)CO,MIX281,1,pubchem_name,
57-55-6,Propylene glycol,CC(O)CO,MIX282,2,pubchem_name,
57-55-6,"1,2-Propanediol (Propylene Glycol)",CC(O)CO,MIX33,1,pubchem_name,skipped_no_safe_pair
57-55-6,Propylene glycol 3 - 7 Humectant,CC(O)CO,MIX352,3,pubchem_name,
57-55-6,"Propane-1,2-diol (propylene glycol)",CC(O)CO,MIX381,3,master_column,skipped_no_safe_pair
57-55-6,Propylene glycol,CC(O)CO,MIX423,5,pubchem_name,
57-55-6,"1,2-Propanediol",CC(O)CO,MIX433,2,pubchem_name,skipped_length_mismatch
57-55-6,Propylene glycol,CC(O)CO,MIX437,1,pubchem_name,
57-55-6,Propylene glycol 5-10,CC(O)CO,MIX509,2,pubchem_name,
57-55-6,"1,2-Propanediol",CC(O)CO,MIX562,3,master_column,
57-55-6,"Propane-1,2-diol (propylene glycol)",CC(O)CO,MIX57,5,pubchem_name,
57-55-6,Propylene Glycol 10-15,CC(O)CO,MIX654,0,pubchem_name,
57-55-6,"1,2-Propanediol (Propylene Glycol)",CS(=O)(=O)c1ccc(C(=O)C2C(=O)CCCC2=O)c([N+](=O)[O-])c1,MIX78,2,pubchem_name,
577-11-7,sodium-di-ethyl-hexyl-sulfosuccinate,CCCCCCC(C(=O)[O-])(C(CC)(CC)C(=O)[O-])S(=O)(=O)O.[Na+].[Na+],EyeIrritation6pack_PID182,8,nci_cir,skipped_length_mismatch
577-11-7,Docusate sodium,CCCCC(CC)COC(=O)CC(C(=O)OCC(CC)CCCC)S(=O)(=O)[O-].[Na+],EyeIrritation6pack_PID783,2,pubchem_name,
577-11-7,Sodium dioctyl sulfosuccinate,CCCCCCCCOC(=O)CC(C(=O)OCCCCCCCC)S(=O)(=O)[O-].[Na+],MIX164,2,pubchem_name,skipped_length_mismatch
577-11-7,Docusate sodium,CCCCC(CC)COC(=O)CC(C(=O)OCC(CC)CCCC)S(=O)(=O)[O-].[Na+],MIX369,2,pubchem_name,
577-11-7,sodium-di-ethyl-hexyl-sulfosuccinate,CCCCCCC(C(=O)[O-])(C(CC)(CC)C(=O)[O-])S(=O)(=O)O.[Na+].[Na+],MIX77,8,nci_cir,skipped_length_mismatch
57966-95-7,Cymoxanil,CCNC(=O)NC(=O)/C(C#N)=N/OC,EyeIrritation6pack_PID287,0,pubchem_name,
57966-95-7,Cymoxanil,CCNC(=O)NC(=O)/C(C#N)=N/OC,EyeIrritation6pack_PID350,0,pubchem_name,
57966-95-7,Cymoxanil,CCNC(=O)NC(=O)C(C#N)=NOC,EyeIrritation6pack_PID373,3,ntp_ice,
57966-95-7,Cymoxanil,CCNC(=O)NC(=O)/C(C#N)=N/OC,MIX128,0,pubchem_name,
57966-95-7,Cymoxanil,CCNC(=O)NC(=O)/C(C#N)=N/OC,MIX135,0,pubchem_name,
57966-95-7,Cymoxanil,CCNC(=O)NC(=O)/C(C#N)=N/OC,MIX164,1,pubchem_name,
57966-95-7,Cymoxanil,CCNC(=O)NC(=O)C(C#N)=NOC,MIX175,3,ntp_ice,
65195-56-4,Avermectin B1b,CO[C@H]1C[C@H](O[C@H]2[C@H](C)O[C@@H](O[C@@H]3C(C)=CC[C@@H]4C[C@@H](C[C@]5(C=C[C@H](C)[C@@H](C(C)C)O5)O4)OC(=O)[C@@H]4C=C(C)[C@@H](O)[C@H]5OCC(=C/C=C/[C@@H]3C)[C@]54O)C[C@@H]2OC)O[C@@H](C)[C@@H]1O,EyeIrritation6pack_PID29,3,ntp_ice,
65195-56-4,Avermectin B1b,CO[C@H]1C[C@H](O[C@H]2[C@H](C)O[C@@H](O[C@@H]3/C(C)=C/C[C@@H]4C[C@@H](C[C@]5(C=C[C@H](C)[C@@H](C(C)C)O5)O4)OC(=O)[C@@H]4C=C(C)[C@@H](O)[C@H]5OC/C(=C\C=C\[C@@H]3C)[C@]54O)C[C@@H]2OC)O[C@@H](C)[C@@H]1O,EyeIrritation6pack_PID827,1,pubchem_name,
65195-56-4,"Avermectin B1b (무관 순물질 데이터로 판단, 완제품 구성에서 제외 권고)",CO[C@H]1C[C@H](O[C@H]2[C@H](C)O[C@@H](O[C@@H]3C(C)=CC[C@@H]4C[C@@H](C[C@]5(C=C[C@H](C)[C@@H](C(C)C)O5)O4)OC(=O)[C@@H]4C=C(C)[C@@H](O)[C@H]5OCC(=C/C=C/[C@@H]3C)[C@]54O)C[C@@H]2OC)O[C@@H](C)[C@@H]1O,MIX15,3,ntp_ice,
65195-56-4,Avermectin B1b,CO[C@H]1C[C@H](O[C@H]2[C@H](C)O[C@@H](O[C@@H]3/C(C)=C/C[C@@H]4C[C@@H](C[C@]5(C=C[C@H](C)[C@@H](C(C)C)O5)O4)OC(=O)[C@@H]4C=C(C)[C@@H](O)[C@H]5OC/C(=C\C=C\[C@@H]3C)[C@]54O)C[C@@H]2OC)O[C@@H](C)[C@@H]1O,MIX403,1,pubchem_name,
65733-16-6,S-Methoprene,COC(C)(C)CCC[C@H](C)CC=CC(C)=CC(=O)OC(C)C,EyeIrritation6pack_PID214,4,ntp_ice,
65733-16-6,s)-Methoprene Technical (-No,COC(C)(C)CCC[C@H](C)C/C=C/C(C)=C/C(=O)OC(C)C,EyeIrritation6pack_PID324,1,pubchem_name,
65733-16-6,S-methoprene,COC(C)(C)CCC[C@H](C)C/C=C/C(C)=C/C(=O)OC(C)C,EyeIrritation6pack_PID814,1,pubchem_name,
65733-16-6,S-Methoprene,COC(C)(C)CCC[C@H](C)CC=CC(C)=CC(=O)OC(C)C,EyeIrritation6pack_PID868,1,ntp_ice,
65733-16-6,(s)-Methoprene Technical,COC(C)(C)CCC[C@H](C)C/C=C/C(C)=C/C(=O)OC(C)C,MIX170,1,pubchem_name,
65733-16-6,S-Methoprene,COC(C)(C)CCC[C@H](C)CC=CC(C)=CC(=O)OC(C)C,MIX384,3,ntp_ice,
65733-16-6,S-Methoprene,COC(C)(C)CCC[C@H](C)CC=CC(C)=CC(=O)OC(C)C,MIX424,1,ntp_ice,
65733-16-6,S-methoprene,COC(C)(C)CCC[C@H](C)C/C=C/C(C)=C/C(=O)OC(C)C,MIX566,1,pubchem_name,
65733-16-6,S-Methoprene,COC(C)(C)CCC[C@H](C)CC=CC(C)=CC(=O)OC(C)C,MIX656,2,ntp_ice,
65733-16-6,S-Methoprene,COC(C)(C)CCC[C@H](C)CC=CC(C)=CC(=O)OC(C)C,MIX99,4,ntp_ice,
70630-17-0,(R)-Metalaxyl,COCC(=O)N(c1c(C)cccc1C)[C@H](C)C(=O)OC,EyeIrritation6pack_PID103,3,pubchem_name,name_cas_length_matched
70630-17-0,Metalaxyl-M,COCC(=O)N(c1c(C)cccc1C)[C@H](C)C(=O)OC,EyeIrritation6pack_PID270,4,ntp_ice,
70630-17-0,Metalaxyl-M,COCC(=O)N(c1c(C)cccc1C)[C@H](C)C(=O)OC,EyeIrritation6pack_PID271,5,ntp_ice,
70630-17-0,Metalaxyl-M,COCC(=O)N(c1c(C)cccc1C)[C@H](C)C(=O)OC,EyeIrritation6pack_PID272,4,ntp_ice,
70630-17-0,Metalaxyl-M,COCC(=O)N(c1c(C)cccc1C)[C@H](C)C(=O)OC,EyeIrritation6pack_PID273,5,ntp_ice,
70630-17-0,Metalaxyl-M,COCC(=O)N(c1c(C)cccc1C)[C@H](C)C(=O)OC,EyeIrritation6pack_PID476,6,ntp_ice,
70630-17-0,Metalaxyl-M,COCC(=O)N(c1c(C)cccc1C)[C@H](C)C(=O)OC,EyeIrritation6pack_PID53,5,ntp_ice,
70630-17-0,(R)-Metalaxyl,COCC(=O)N(c1c(C)cccc1C)[C@H](C)C(=O)OC,EyeIrritation6pack_PID540,1,pubchem_name,name_ref_unique
70630-17-0,Metalaxyl-M,COCC(=O)N(c1c(C)cccc1C)[C@H](C)C(=O)OC,EyeIrritation6pack_PID628,4,ntp_ice,
70630-17-0,Hazardous components,COCC(=O)N(c1c(C)cccc1C)[C@H](C)C(=O)OC,EyeIrritation6pack_PID635,1,pubchem_name,
70630-17-0,Metalaxyl-M,COCC(=O)N(c1c(C)cccc1C)[C@H](C)C(=O)OC,EyeIrritation6pack_PID819,3,ntp_ice,
70630-17-0,Metalaxyl-m,COCC(=O)N(c1c(C)cccc1C)[C@H](C)C(=O)OC,EyeIrritation6pack_PID979,1,pubchem_name,
70630-17-0,Metalaxyl-M,COCC(=O)N(c1c(C)cccc1C)[C@H](C)C(=O)OC,EyeIrritation6pack_PID980,4,ntp_ice,
70630-17-0,Metalaxyl-M,COCC(=O)N(c1c(C)cccc1C)[C@H](C)C(=O)OC,MIX118,5,ntp_ice,
70630-17-0,Metalaxyl-M (Mefenoxam),COCC(=O)N(c1c(C)cccc1C)[C@H](C)C(=O)OC,MIX131,5,ntp_ice,
70630-17-0,Metalaxyl-M,COCC(=O)N(c1c(C)cccc1C)[C@H](C)C(=O)OC,MIX138,4,ntp_ice,
70630-17-0,Metalaxyl-M,COCC(=O)N(c1c(C)cccc1C)[C@H](C)C(=O)OC,MIX14,5,ntp_ice,
70630-17-0,Mefenoxam (Metalaxyl-M),COCC(=O)N(c1c(C)cccc1C)[C@H](C)C(=O)OC,MIX143,4,ntp_ice,
70630-17-0,"Mefenoxam (in Dynasty CST doc; dataset hint lists 'Metalaxyl' instead, a closely related but distinct active)",COCC(=O)N(c1c(C)cccc1C)[C@@H](C)C(=O)OC,MIX173,3,pubchem_name,
70630-17-0,Metalaxyl-M,COCC(=O)N(c1c(C)cccc1C)[C@H](C)C(=O)OC,MIX228,6,ntp_ice,
70630-17-0,Mefenoxam (common/generic name sometimes referenced as Metalaxyl; R-enantiomer-enriched form),COCC(=O)N(c1c(C)cccc1C)[C@@H](C)C(=O)OC,MIX266,2,pubchem_name,skipped_length_mismatch
70630-17-0,Hazardous components,COCC(=O)N(c1c(C)cccc1C)[C@H](C)C(=O)OC,MIX307,1,pubchem_name,
70630-17-0,Mefenoxam (Metalaxyl-M),COCC(=O)N(c1c(C)cccc1C)[C@H](C)C(=O)OC,MIX324,4,ntp_ice,
70630-17-0,Mefenoxam,COCC(=O)N(c1c(C)cccc1C)[C@H](C)C(=O)OC,MIX33,3,pubchem_name,skipped_no_safe_pair
70630-17-0,Metalaxyl-M,COCC(=O)N(c1c(C)cccc1C)[C@H](C)C(=O)OC,MIX493,1,pubchem_name,
70630-17-0,Metalaxyl-M,COCC(=O)N(c1c(C)cccc1C)[C@H](C)C(=O)OC,MIX496,4,ntp_ice,
70630-17-0,Mefenoxam (Metalaxyl-M),COCC(=O)N(c1c(C)cccc1C)[C@H](C)C(=O)OC,MIX569,3,ntp_ice,
71751-41-2,Abamectin,CC[C@H](C)[C@H]1O[C@]2(C=C[C@@H]1C)C[C@@H]1C[C@@H](C/C=C(\C)[C@@H](O[C@H]3C[C@H](OC)[C@@H](O[C@H]4C[C@H](OC)[C@@H](O)[C@H](C)O4)[C@H](C)O3)[C@@H](C)/C=C/C=C3\CO[C@@H]4[C@H](O)C(C)=C[C@@H](C(=O)O1)[C@]34O)O2.CO[C@H]1C[C@H](O[C@H]2[C@H](C)O[C@@H](O[C@@H]3/C(C)=C/C[C@@H]4C[C@@H](C[C@]5(C=C[C@H](C)[C@@H](C(C)C)O5)O4)OC(=O)[C@@H]4C=C(C)[C@@H](O)[C@H]5OC/C(=C\C=C\[C@@H]3C)[C@]54O)C[C@@H]2OC)O[C@@H](C)[C@@H]1O,EyeIrritation6pack_PID103,7,pubchem_name,
71751-41-2,Abamectin,CC[C@H](C)[C@H]1O[C@]2(C=C[C@@H]1C)C[C@@H]1C[C@@H](C/C=C(\C)[C@@H](O[C@H]3C[C@H](OC)[C@@H](O[C@H]4C[C@H](OC)[C@@H](O)[C@H](C)O4)[C@H](C)O3)[C@@H](C)/C=C/C=C3\CO[C@@H]4[C@H](O)C(C)=C[C@@H](C(=O)O1)[C@]34O)O2.CO[C@H]1C[C@H](O[C@H]2[C@H](C)O[C@@H](O[C@@H]3/C(C)=C/C[C@@H]4C[C@@H](C[C@]5(C=C[C@H](C)[C@@H](C(C)C)O5)O4)OC(=O)[C@@H]4C=C(C)[C@@H](O)[C@H]5OC/C(=C\C=C\[C@@H]3C)[C@]54O)C[C@@H]2OC)O[C@@H](C)[C@@H]1O,EyeIrritation6pack_PID24,2,pubchem_name,
71751-41-2,Abamectin,CC[C@H](C)[C@H]1O[C@]2(C=C[C@@H]1C)C[C@@H]1C[C@@H](C/C=C(\C)[C@@H](O[C@H]3C[C@H](OC)[C@@H](O[C@H]4C[C@H](OC)[C@@H](O)[C@H](C)O4)[C@H](C)O3)[C@@H](C)/C=C/C=C3\CO[C@@H]4[C@H](O)C(C)=C[C@@H](C(=O)O1)[C@]34O)O2.CO[C@H]1C[C@H](O[C@H]2[C@H](C)O[C@@H](O[C@@H]3/C(C)=C/C[C@@H]4C[C@@H](C[C@]5(C=C[C@H](C)[C@@H](C(C)C)O5)O4)OC(=O)[C@@H]4C=C(C)[C@@H](O)[C@H]5OC/C(=C\C=C\[C@@H]3C)[C@]54O)C[C@@H]2OC)O[C@@H](C)[C@@H]1O,EyeIrritation6pack_PID31,0,pubchem_name,
71751-41-2,Abamectin,CC[C@H](C)[C@H]1O[C@]2(C=C[C@@H]1C)C[C@@H]1C[C@@H](C/C=C(\C)[C@@H](O[C@H]3C[C@H](OC)[C@@H](O[C@H]4C[C@H](OC)[C@@H](O)[C@H](C)O4)[C@H](C)O3)[C@@H](C)/C=C/C=C3\CO[C@@H]4[C@H](O)C(C)=C[C@@H](C(=O)O1)[C@]34O)O2.CO[C@H]1C[C@H](O[C@H]2[C@H](C)O[C@@H](O[C@@H]3/C(C)=C/C[C@@H]4C[C@@H](C[C@]5(C=C[C@H](C)[C@@H](C(C)C)O5)O4)OC(=O)[C@@H]4C=C(C)[C@@H](O)[C@H]5OC/C(=C\C=C\[C@@H]3C)[C@]54O)C[C@@H]2OC)O[C@@H](C)[C@@H]1O,EyeIrritation6pack_PID659,0,pubchem_name,
71751-41-2,Abamectin,CC[C@H](C)[C@H]1O[C@]2(C=C[C@@H]1C)C[C@@H]1C[C@@H](C/C=C(\C)[C@@H](O[C@H]3C[C@H](OC)[C@@H](O[C@H]4C[C@H](OC)[C@@H](O)[C@H](C)O4)[C@H](C)O3)[C@@H](C)/C=C/C=C3\CO[C@@H]4[C@H](O)C(C)=C[C@@H](C(=O)O1)[C@]34O)O2.CO[C@H]1C[C@H](O[C@H]2[C@H](C)O[C@@H](O[C@@H]3/C(C)=C/C[C@@H]4C[C@@H](C[C@]5(C=C[C@H](C)[C@@H](C(C)C)O5)O4)OC(=O)[C@@H]4C=C(C)[C@@H](O)[C@H]5OC/C(=C\C=C\[C@@H]3C)[C@]54O)C[C@@H]2OC)O[C@@H](C)[C@@H]1O,EyeIrritation6pack_PID827,0,pubchem_name,
71751-41-2,Abamectin,CC[C@H](C)[C@H]1O[C@]2(C=C[C@@H]1C)C[C@@H]1C[C@@H](C/C=C(\C)[C@@H](O[C@H]3C[C@H](OC)[C@@H](O[C@H]4C[C@H](OC)[C@@H](O)[C@H](C)O4)[C@H](C)O3)[C@@H](C)/C=C/C=C3\CO[C@@H]4[C@H](O)C(C)=C[C@@H](C(=O)O1)[C@]34O)O2.CO[C@H]1C[C@H](O[C@H]2[C@H](C)O[C@@H](O[C@@H]3/C(C)=C/C[C@@H]4C[C@@H](C[C@]5(C=C[C@H](C)[C@@H](C(C)C)O5)O4)OC(=O)[C@@H]4C=C(C)[C@@H](O)[C@H]5OC/C(=C\C=C\[C@@H]3C)[C@]54O)C[C@@H]2OC)O[C@@H](C)[C@@H]1O,MIX12,2,pubchem_name,
71751-41-2,Abamectin,CC[C@H](C)[C@H]1O[C@]2(C=C[C@@H]1C)C[C@@H]1C[C@@H](C/C=C(\C)[C@@H](O[C@H]3C[C@H](OC)[C@@H](O[C@H]4C[C@H](OC)[C@@H](O)[C@H](C)O4)[C@H](C)O3)[C@@H](C)/C=C/C=C3\CO[C@@H]4[C@H](O)C(C)=C[C@@H](C(=O)O1)[C@]34O)O2.CO[C@H]1C[C@H](O[C@H]2[C@H](C)O[C@@H](O[C@@H]3/C(C)=C/C[C@@H]4C[C@@H](C[C@]5(C=C[C@H](C)[C@@H](C(C)C)O5)O4)OC(=O)[C@@H]4C=C(C)[C@@H](O)[C@H]5OC/C(=C\C=C\[C@@H]3C)[C@]54O)C[C@@H]2OC)O[C@@H](C)[C@@H]1O,MIX13,0,master_column,
71751-41-2,Abamectin (combination of avermectin B1a and B1b),CC[C@H](C)[C@H]1O[C@]2(C=C[C@@H]1C)C[C@@H]1C[C@@H](C/C=C(\C)[C@@H](O[C@H]3C[C@H](OC)[C@@H](O[C@H]4C[C@H](OC)[C@@H](O)[C@H](C)O4)[C@H](C)O3)[C@@H](C)/C=C/C=C3\CO[C@@H]4[C@H](O)C(C)=C[C@@H](C(=O)O1)[C@]34O)O2.CO[C@H]1C[C@H](O[C@H]2[C@H](C)O[C@@H](O[C@@H]3/C(C)=C/C[C@@H]4C[C@@H](C[C@]5(C=C[C@H](C)[C@@H](C(C)C)O5)O4)OC(=O)[C@@H]4C=C(C)[C@@H](O)[C@H]5OC/C(=C\C=C\[C@@H]3C)[C@]54O)C[C@@H]2OC)O[C@@H](C)[C@@H]1O,MIX15,0,master_column,
71751-41-2,Abamectin (Avermectin B1),CC[C@H](C)[C@H]1O[C@]2(C=C[C@@H]1C)C[C@@H]1C[C@@H](C/C=C(\C)[C@@H](O[C@H]3C[C@H](OC)[C@@H](O[C@H]4C[C@H](OC)[C@@H](O)[C@H](C)O4)[C@H](C)O3)[C@@H](C)/C=C/C=C3\CO[C@@H]4[C@H](O)C(C)=C[C@@H](C(=O)O1)[C@]34O)O2.CO[C@H]1C[C@H](O[C@H]2[C@H](C)O[C@@H](O[C@@H]3/C(C)=C/C[C@@H]4C[C@@H](C[C@]5(C=C[C@H](C)[C@@H](C(C)C)O5)O4)OC(=O)[C@@H]4C=C(C)[C@@H](O)[C@H]5OC/C(=C\C=C\[C@@H]3C)[C@]54O)C[C@@H]2OC)O[C@@H](C)[C@@H]1O,MIX16,0,pubchem_name,
71751-41-2,Abamectin techn. min. 97% (Avermectin B1a/B1b combination),CC[C@H](C)[C@H]1O[C@]2(C=C[C@@H]1C)C[C@@H]1C[C@@H](C/C=C(\C)[C@@H](O[C@H]3C[C@H](OC)[C@@H](O[C@H]4C[C@H](OC)[C@@H](O)[C@H](C)O4)[C@H](C)O3)[C@@H](C)/C=C/C=C3\CO[C@@H]4[C@H](O)C(C)=C[C@@H](C(=O)O1)[C@]34O)O2.CO[C@H]1C[C@H](O[C@H]2[C@H](C)O[C@@H](O[C@@H]3/C(C)=C/C[C@@H]4C[C@@H](C[C@]5(C=C[C@H](C)[C@@H](C(C)C)O5)O4)OC(=O)[C@@H]4C=C(C)[C@@H](O)[C@H]5OC/C(=C\C=C\[C@@H]3C)[C@]54O)C[C@@H]2OC)O[C@@H](C)[C@@H]1O,MIX17,0,master_column,skipped_no_safe_pair
71751-41-2,Abamectin,CC1(C)CN=C(NN=C(C=Cc2ccc(C(F)(F)F)cc2)C=Cc2ccc(C(F)(F)F)cc2)NC1,MIX32,0,pubchem_name,
71751-41-2,Abamectin,CC[C@H](C)[C@H]1O[C@]2(C=C[C@@H]1C)C[C@@H]1C[C@@H](C/C=C(\C)[C@@H](O[C@H]3C[C@H](OC)[C@@H](O[C@H]4C[C@H](OC)[C@@H](O)[C@H](C)O4)[C@H](C)O3)[C@@H](C)/C=C/C=C3\CO[C@@H]4[C@H](O)C(C)=C[C@@H](C(=O)O1)[C@]34O)O2.CO[C@H]1C[C@H](O[C@H]2[C@H](C)O[C@@H](O[C@@H]3/C(C)=C/C[C@@H]4C[C@@H](C[C@]5(C=C[C@H](C)[C@@H](C(C)C)O5)O4)OC(=O)[C@@H]4C=C(C)[C@@H](O)[C@H]5OC/C(=C\C=C\[C@@H]3C)[C@]54O)C[C@@H]2OC)O[C@@H](C)[C@@H]1O,MIX33,7,pubchem_name,
71751-41-2,Abamectin,CC[C@H](C)[C@H]1O[C@]2(C=C[C@@H]1C)C[C@@H]1C[C@@H](C/C=C(\C)[C@@H](O[C@H]3C[C@H](OC)[C@@H](O[C@H]4C[C@H](OC)[C@@H](O)[C@H](C)O4)[C@H](C)O3)[C@@H](C)/C=C/C=C3\CO[C@@H]4[C@H](O)C(C)=C[C@@H](C(=O)O1)[C@]34O)O2.CO[C@H]1C[C@H](O[C@H]2[C@H](C)O[C@@H](O[C@@H]3/C(C)=C/C[C@@H]4C[C@@H](C[C@]5(C=C[C@H](C)[C@@H](C(C)C)O5)O4)OC(=O)[C@@H]4C=C(C)[C@@H](O)[C@H]5OC/C(=C\C=C\[C@@H]3C)[C@]54O)C[C@@H]2OC)O[C@@H](C)[C@@H]1O,MIX330,0,pubchem_name,
71751-41-2,Abamectin,CC[C@H](C)[C@H]1O[C@]2(C=C[C@@H]1C)C[C@@H]1C[C@@H](C/C=C(\C)[C@@H](O[C@H]3C[C@H](OC)[C@@H](O[C@H]4C[C@H](OC)[C@@H](O)[C@H](C)O4)[C@H](C)O3)[C@@H](C)/C=C/C=C3\CO[C@@H]4[C@H](O)C(C)=C[C@@H](C(=O)O1)[C@]34O)O2.CO[C@H]1C[C@H](O[C@H]2[C@H](C)O[C@@H](O[C@@H]3/C(C)=C/C[C@@H]4C[C@@H](C[C@]5(C=C[C@H](C)[C@@H](C(C)C)O5)O4)OC(=O)[C@@H]4C=C(C)[C@@H](O)[C@H]5OC/C(=C\C=C\[C@@H]3C)[C@]54O)C[C@@H]2OC)O[C@@H](C)[C@@H]1O,MIX403,0,pubchem_name,
71751-41-2,Abamectin (Avermectin B1a/B1b mixture) - 요청된 Avermectin A1a와 불일치,CC[C@H](C)[C@H]1O[C@]2(C=C[C@@H]1C)C[C@@H]1C[C@@H](CC=C(C)[C@@H](O[C@H]3C[C@H](OC)[C@@H](O[C@H]4C[C@H](OC)[C@@H](O)[C@H](C)O4)[C@H](C)O3)[C@@H](C)/C=C/C=C3CO[C@@H]4[C@H](OC)C(C)=C[C@@H](C(=O)O1)[C@]34O)O2,MIX618,1,ntp_ice,
77-92-9,Citric acid,CC(C)N(C(=O)COc1nnc(C(F)(F)F)s1)c1ccc(F)cc1,MIX316,4,ntp_ice,
77-92-9,Citric acid,O=C(O)CC(O)(CC(=O)O)C(=O)O,MIX790,3,ntp_ice,
77-92-9,Citric acid,O=C(O)CC(O)(CC(=O)O)C(=O)O,MIX821,3,ntp_ice,
8003-34-7,Pyrethrins,C=C/C=C\CC1=C(C)[C@@H](OC(=O)[C@@H]2[C@@H](/C=C(\C)C(=O)OC)C2(C)C)CC1=O.C=C/C=C\CC1=C(C)[C@@H](OC(=O)[C@@H]2[C@@H](C=C(C)C)C2(C)C)CC1=O,EyeIrritation6pack_PID520,1,pubchem_name,
8003-34-7,Pyrethrins,C=C/C=C\CC1=C(C)[C@@H](OC(=O)[C@@H]2[C@@H](/C=C(\C)C(=O)OC)C2(C)C)CC1=O.C=C/C=C\CC1=C(C)[C@@H](OC(=O)[C@@H]2[C@@H](C=C(C)C)C2(C)C)CC1=O,EyeIrritation6pack_PID655,0,pubchem_name,
8003-34-7,Pyrethrins,C=C/C=C\CC1=C(C)[C@@H](OC(=O)[C@@H]2[C@@H](/C=C(\C)C(=O)OC)C2(C)C)CC1=O.C=C/C=C\CC1=C(C)[C@@H](OC(=O)[C@@H]2[C@@H](C=C(C)C)C2(C)C)CC1=O,EyeIrritation6pack_PID656,0,pubchem_name,
8003-34-7,Pyrethrins,C=C/C=C\CC1=C(C)[C@@H](OC(=O)[C@@H]2[C@@H](/C=C(\C)C(=O)OC)C2(C)C)CC1=O.C=C/C=C\CC1=C(C)[C@@H](OC(=O)[C@@H]2[C@@H](C=C(C)C)C2(C)C)CC1=O,EyeIrritation6pack_PID657,0,pubchem_name,
8003-34-7,Pyrethrins,C=C/C=C\CC1=C(C)[C@@H](OC(=O)[C@@H]2[C@@H](/C=C(\C)C(=O)OC)C2(C)C)CC1=O.C=C/C=C\CC1=C(C)[C@@H](OC(=O)[C@@H]2[C@@H](C=C(C)C)C2(C)C)CC1=O,EyeIrritation6pack_PID660,0,pubchem_name,
8003-34-7,PyrethrinsandPyrethroids ,C=C/C=C\CC1=C(C)[C@@H](OC(=O)[C@@H]2[C@@H](/C=C(\C)C(=O)OC)C2(C)C)CC1=O.C=C/C=C\CC1=C(C)[C@@H](OC(=O)[C@@H]2[C@@H](C=C(C)C)C2(C)C)CC1=O,EyeIrritation6pack_PID678,4,pubchem_name,
8003-34-7,Pyrethrins,C=C/C=C\CC1=C(C)[C@@H](OC(=O)[C@@H]2[C@@H](/C=C(\C)C(=O)OC)C2(C)C)CC1=O.C=C/C=C\CC1=C(C)[C@@H](OC(=O)[C@@H]2[C@@H](C=C(C)C)C2(C)C)CC1=O,EyeIrritation6pack_PID792,0,pubchem_name,
8003-34-7,Pyrethrins,C=C/C=C\CC1=C(C)[C@@H](OC(=O)[C@@H]2[C@@H](/C=C(\C)C(=O)OC)C2(C)C)CC1=O.C=C/C=C\CC1=C(C)[C@@H](OC(=O)[C@@H]2[C@@H](C=C(C)C)C2(C)C)CC1=O,MIX253,1,pubchem_name,
8003-34-7,Pyrethrins,C=C/C=C\CC1=C(C)[C@@H](OC(=O)[C@@H]2[C@@H](/C=C(\C)C(=O)OC)C2(C)C)CC1=O.C=C/C=C\CC1=C(C)[C@@H](OC(=O)[C@@H]2[C@@H](C=C(C)C)C2(C)C)CC1=O,MIX321,0,pubchem_name,
8003-34-7,Pyrethrins,C=C/C=C\CC1=C(C)[C@@H](OC(=O)[C@@H]2[C@@H](/C=C(\C)C(=O)OC)C2(C)C)CC1=O.C=C/C=C\CC1=C(C)[C@@H](OC(=O)[C@@H]2[C@@H](C=C(C)C)C2(C)C)CC1=O,MIX325,0,pubchem_name,
8003-34-7,Pyrethrins,C=C/C=C\CC1=C(C)[C@@H](OC(=O)[C@@H]2[C@@H](/C=C(\C)C(=O)OC)C2(C)C)CC1=O.C=C/C=C\CC1=C(C)[C@@H](OC(=O)[C@@H]2[C@@H](C=C(C)C)C2(C)C)CC1=O,MIX326,0,pubchem_name,
8003-34-7,Pyrethrins,C=C/C=C\CC1=C(C)[C@@H](OC(=O)[C@@H]2[C@@H](/C=C(\C)C(=O)OC)C2(C)C)CC1=O.C=C/C=C\CC1=C(C)[C@@H](OC(=O)[C@@H]2[C@@H](C=C(C)C)C2(C)C)CC1=O,MIX332,0,pubchem_name,
8003-34-7,PyrethrinsandPyrethroids ,C=C/C=C\CC1=C(C)[C@@H](OC(=O)[C@@H]2[C@@H](/C=C(\C)C(=O)OC)C2(C)C)CC1=O.C=C/C=C\CC1=C(C)[C@@H](OC(=O)[C@@H]2[C@@H](C=C(C)C)C2(C)C)CC1=O,MIX336,4,pubchem_name,
8003-34-7,Pyrethrins,C=C/C=C\CC1=C(C)[C@@H](OC(=O)[C@@H]2[C@@H](/C=C(\C)C(=O)OC)C2(C)C)CC1=O.C=C/C=C\CC1=C(C)[C@@H](OC(=O)[C@@H]2[C@@H](C=C(C)C)C2(C)C)CC1=O,MIX371,0,pubchem_name,
8003-34-7,Pyrethrins,CCCCCCCOP(=S)([S-])OCCCCCCC.CCCCCCCOP(=S)([S-])OCCCCCCC.[Zn+2],MIX467,0,nci_cir,
82657-04-3,Bifenthrin,Cc1c(COC(=O)[C@@H]2[C@H](/C=C(\Cl)C(F)(F)F)C2(C)C)cccc1-c1ccccc1,EyeIrritation6pack_PID1011,1,pubchem_name,
82657-04-3,Bifenthrin,Cc1c(COC(=O)[C@@H]2[C@H](/C=C(\Cl)C(F)(F)F)C2(C)C)cccc1-c1ccccc1,EyeIrritation6pack_PID1028,0,pubchem_name,
82657-04-3,Bifenthrin,Cc1c(COC(=O)[C@@H]2[C@H](C=C(Cl)C(F)(F)F)C2(C)C)cccc1-c1ccccc1,EyeIrritation6pack_PID1032,1,ntp_ice,
82657-04-3,Bifenthrin Weight %,Cc1c(COC(=O)[C@@H]2[C@H](/C=C(\Cl)C(F)(F)F)C2(C)C)cccc1-c1ccccc1,EyeIrritation6pack_PID143,0,pubchem_name,
82657-04-3,Bifenthrin .069,Cc1c(COC(=O)[C@@H]2[C@H](/C=C(\Cl)C(F)(F)F)C2(C)C)cccc1-c1ccccc1,EyeIrritation6pack_PID144,0,pubchem_name,
82657-04-3,Bifenthrin 7.9 NA NA NA NA,Cc1c(COC(=O)[C@@H]2[C@H](/C=C(\Cl)C(F)(F)F)C2(C)C)cccc1-c1ccccc1,EyeIrritation6pack_PID146,0,pubchem_name,
82657-04-3,Bifenthrin 7.9 NA NA NA NA,Cc1c(COC(=O)[C@@H]2[C@H](/C=C(\Cl)C(F)(F)F)C2(C)C)cccc1-c1ccccc1,EyeIrritation6pack_PID148,0,pubchem_name,
82657-04-3,"Cary, NC 27513 Bifenthrin (2 methyl[1,1’ –biphenyl]-3-yl)",Cc1c(COC(=O)[C@@H]2[C@H](/C=C(\Cl)C(F)(F)F)C2(C)C)cccc1-c1ccccc1,EyeIrritation6pack_PID149,0,pubchem_name,
82657-04-3,Bifenithrin technical,Cc1c(COC(=O)[C@@H]2[C@H](/C=C(\Cl)C(F)(F)F)C2(C)C)cccc1-c1ccccc1,EyeIrritation6pack_PID150,0,pubchem_name,
82657-04-3,Bifenthrin,Cc1c(COC(=O)[C@@H]2[C@H](/C=C(\Cl)C(F)(F)F)C2(C)C)cccc1-c1ccccc1,EyeIrritation6pack_PID151,0,pubchem_name,
82657-04-3,Bifenthrin,Cc1c(COC(=O)[C@@H]2[C@H](C=C(Cl)C(F)(F)F)C2(C)C)cccc1-c1ccccc1,EyeIrritation6pack_PID152,2,ntp_ice,
82657-04-3,Bifenthrin,Cc1c(COC(=O)[C@@H]2[C@H](C=C(Cl)C(F)(F)F)C2(C)C)cccc1-c1ccccc1,EyeIrritation6pack_PID153,2,ntp_ice,
82657-04-3,Bifenthrin,Cc1c(COC(=O)[C@@H]2[C@H](/C=C(\Cl)C(F)(F)F)C2(C)C)cccc1-c1ccccc1,EyeIrritation6pack_PID154,0,pubchem_name,
82657-04-3,Bifenthrin,Cc1c(COC(=O)[C@@H]2[C@H](/C=C(\Cl)C(F)(F)F)C2(C)C)cccc1-c1ccccc1,EyeIrritation6pack_PID155,0,pubchem_name,
82657-04-3,Bifenthrin,Cc1c(COC(=O)[C@@H]2[C@H](C=C(Cl)C(F)(F)F)C2(C)C)cccc1-c1ccccc1,EyeIrritation6pack_PID197,3,ntp_ice,
82657-04-3,Bifenthrin,Cc1c(COC(=O)[C@@H]2[C@H](C=C(Cl)C(F)(F)F)C2(C)C)cccc1-c1ccccc1,EyeIrritation6pack_PID330,3,ntp_ice,
82657-04-3,Bifenthrin,Cc1c(COC(=O)[C@@H]2[C@H](/C=C(\Cl)C(F)(F)F)C2(C)C)cccc1-c1ccccc1,EyeIrritation6pack_PID417,0,pubchem_name,
82657-04-3,Bifenthrin,Cc1c(COC(=O)[C@@H]2[C@H](C=C(Cl)C(F)(F)F)C2(C)C)cccc1-c1ccccc1,EyeIrritation6pack_PID419,3,ntp_ice,
82657-04-3,Bifenthrin,Cc1c(COC(=O)[C@@H]2[C@H](C=C(Cl)C(F)(F)F)C2(C)C)cccc1-c1ccccc1,EyeIrritation6pack_PID420,4,ntp_ice,
82657-04-3,Bifenthrin,Cc1c(COC(=O)[C@@H]2[C@H](/C=C(\Cl)C(F)(F)F)C2(C)C)cccc1-c1ccccc1,EyeIrritation6pack_PID533,0,pubchem_name,
82657-04-3,Bifenthrin,Cc1c(COC(=O)[C@@H]2[C@H](C=C(Cl)C(F)(F)F)C2(C)C)cccc1-c1ccccc1,EyeIrritation6pack_PID538,1,ntp_ice,
82657-04-3,Bifenthrin 2g/Kg,Cc1c(COC(=O)[C@@H]2[C@H](/C=C(\Cl)C(F)(F)F)C2(C)C)cccc1-c1ccccc1,EyeIrritation6pack_PID555,0,pubchem_name,
82657-04-3,Bifenthrin,Cc1c(COC(=O)[C@@H]2[C@H](C=C(Cl)C(F)(F)F)C2(C)C)cccc1-c1ccccc1,EyeIrritation6pack_PID567,3,ntp_ice,
82657-04-3,Bifenthrin,Cc1c(COC(=O)[C@@H]2[C@H](C=C(Cl)C(F)(F)F)C2(C)C)cccc1-c1ccccc1,EyeIrritation6pack_PID621,6,ntp_ice,
82657-04-3,Bifenthrin 0.08-0.10,Cc1c(COC(=O)[C@@H]2[C@H](/C=C(\Cl)C(F)(F)F)C2(C)C)cccc1-c1ccccc1,EyeIrritation6pack_PID65,1,pubchem_name,
82657-04-3,Bifenthrin,Cc1c(COC(=O)[C@@H]2[C@H](C=C(Cl)C(F)(F)F)C2(C)C)cccc1-c1ccccc1,EyeIrritation6pack_PID656,4,ntp_ice,
82657-04-3,Bifenthrin,Cc1c(COC(=O)[C@@H]2[C@H](C=C(Cl)C(F)(F)F)C2(C)C)cccc1-c1ccccc1,EyeIrritation6pack_PID70,2,ntp_ice,
82657-04-3,"2-nitroguanidine] , (Main constituent), bifenthrin (ISO); (2-methylbiphenyl-3-yl)methyl rel-(1R,3R)-3-",Cc1c(COC(=O)[C@@H]2[C@H](/C=C(\Cl)C(F)(F)F)C2(C)C)cccc1-c1ccccc1,EyeIrritation6pack_PID71,1,pubchem_name,
82657-04-3,Bifenthrin and none established,Cc1c(COC(=O)[C@@H]2[C@H](/C=C(\Cl)C(F)(F)F)C2(C)C)cccc1-c1ccccc1,EyeIrritation6pack_PID920,0,pubchem_name,
82657-04-3,Bifenthrin,Cc1c(COC(=O)[C@@H]2[C@H](C=C(Cl)C(F)(F)F)C2(C)C)cccc1-c1ccccc1,EyeIrritation6pack_PID967,3,ntp_ice,
82657-04-3,Bifenthrin Talstar <1.0,Cc1c(COC(=O)[C@@H]2[C@H](/C=C(\Cl)C(F)(F)F)C2(C)C)cccc1-c1ccccc1,EyeIrritation6pack_PID968,2,pubchem_name,
82657-04-3,Bifenthrin,Cc1c(COC(=O)[C@@H]2[C@H](C=C(Cl)C(F)(F)F)C2(C)C)cccc1-c1ccccc1,EyeIrritation6pack_PID971,3,ntp_ice,
82657-04-3,Bifenthrin,Cc1c(COC(=O)[C@@H]2[C@H](C=C(Cl)C(F)(F)F)C2(C)C)cccc1-c1ccccc1,EyeIrritation6pack_PID972,4,ntp_ice,
82657-04-3,Bifenthrin,Cc1c(COC(=O)[C@@H]2[C@H](C=C(Cl)C(F)(F)F)C2(C)C)cccc1-c1ccccc1,MIX177,3,ntp_ice,
82657-04-3,Bifenthrin,Cc1c(COC(=O)[C@@H]2[C@H](C=C(Cl)C(F)(F)F)C2(C)C)cccc1-c1ccccc1,MIX200,3,ntp_ice,
82657-04-3,Bifenthrin,Cc1c(COC(=O)[C@@H]2[C@H](C=C(Cl)C(F)(F)F)C2(C)C)cccc1-c1ccccc1,MIX202,4,ntp_ice,
82657-04-3,Bifenthrin,Cc1c(COC(=O)[C@@H]2[C@H](/C=C(\Cl)C(F)(F)F)C2(C)C)cccc1-c1ccccc1,MIX261,0,pubchem_name,
82657-04-3,Bifenthrin,Cc1c(COC(=O)[C@@H]2[C@H](/C=C(\Cl)C(F)(F)F)C2(C)C)cccc1-c1ccccc1,MIX265,0,pubchem_name,
82657-04-3,Bifenthrin,Cc1c(COC(=O)[C@@H]2[C@H](C=C(Cl)C(F)(F)F)C2(C)C)cccc1-c1ccccc1,MIX299,3,ntp_ice,
82657-04-3,Bifenthrin,Cc1c(COC(=O)[C@@H]2[C@H](/C=C(\Cl)C(F)(F)F)C2(C)C)cccc1-c1ccccc1,MIX30,1,pubchem_name,
82657-04-3,Bifenthrin,Cc1c(COC(=O)[C@@H]2[C@H](C=C(Cl)C(F)(F)F)C2(C)C)cccc1-c1ccccc1,MIX320,6,ntp_ice,
82657-04-3,Bifenthrin,Cc1c(COC(=O)[C@@H]2[C@H](C=C(Cl)C(F)(F)F)C2(C)C)cccc1-c1ccccc1,MIX325,4,ntp_ice,
82657-04-3,Bifenthrin,Cc1c(COC(=O)[C@@H]2[C@H](C=C(Cl)C(F)(F)F)C2(C)C)cccc1-c1ccccc1,MIX34,2,ntp_ice,
82657-04-3,Bifenthrin,Cc1c(COC(=O)[C@@H]2[C@H](/C=C(\Cl)C(F)(F)F)C2(C)C)cccc1-c1ccccc1,MIX35,0,pubchem_name,
82657-04-3,Bifenthrin,Cc1c(COC(=O)[C@@H]2[C@H](/C=C(\Cl)C(F)(F)F)C2(C)C)cccc1-c1ccccc1,MIX489,0,pubchem_name,
82657-04-3,Bifenthrin,Cc1c(COC(=O)[C@@H]2[C@H](/C=C(\Cl)C(F)(F)F)C2(C)C)cccc1-c1ccccc1,MIX509,0,pubchem_name,
82657-04-3,Bifenthrin,Cc1c(COC(=O)[C@@H]2[C@H](C=C(Cl)C(F)(F)F)C2(C)C)cccc1-c1ccccc1,MIX517,1,ntp_ice,
82657-04-3,Bifenthrin,Cc1c(COC(=O)[C@@H]2[C@H](/C=C(\Cl)C(F)(F)F)C2(C)C)cccc1-c1ccccc1,MIX528,1,pubchem_name,
82657-04-3,Bifenthrin,Cc1c(COC(=O)[C@@H]2[C@H](C=C(Cl)C(F)(F)F)C2(C)C)cccc1-c1ccccc1,MIX56,2,ntp_ice,
82657-04-3,Bifenthrin,Cc1c(COC(=O)[C@@H]2[C@H](C=C(Cl)C(F)(F)F)C2(C)C)cccc1-c1ccccc1,MIX574,2,ntp_ice,
82657-04-3,Bifenthrin,Cc1c(COC(=O)[C@@H]2[C@H](/C=C(\Cl)C(F)(F)F)C2(C)C)cccc1-c1ccccc1,MIX58,0,pubchem_name,
82657-04-3,Bifenthrin,Cc1c(COC(=O)[C@@H]2[C@H](/C=C(\Cl)C(F)(F)F)C2(C)C)cccc1-c1ccccc1,MIX59,0,pubchem_name,
82657-04-3,Bifenthrin,Cc1c(COC(=O)[C@@H]2[C@H](C=C(Cl)C(F)(F)F)C2(C)C)cccc1-c1ccccc1,MIX603,2,ntp_ice,
82657-04-3,Bifenthrin,Cc1c(COC(=O)[C@@H]2[C@H](C=C(Cl)C(F)(F)F)C2(C)C)cccc1-c1ccccc1,MIX604,2,ntp_ice,
82657-04-3,Bifenthrin,Cc1c(COC(=O)[C@@H]2[C@H](/C=C(\Cl)C(F)(F)F)C2(C)C)cccc1-c1ccccc1,MIX606,0,pubchem_name,
82657-04-3,Bifenthrin,Cc1c(COC(=O)[C@@H]2[C@H](C=C(Cl)C(F)(F)F)C2(C)C)cccc1-c1ccccc1,MIX607,2,ntp_ice,
82657-04-3,Bifenthrin,Cc1c(COC(=O)[C@@H]2[C@H](/C=C(\Cl)C(F)(F)F)C2(C)C)cccc1-c1ccccc1,MIX623,1,pubchem_name,
82657-04-3,Bifenthrin,Cc1c(COC(=O)[C@@H]2[C@H](C=C(Cl)C(F)(F)F)C2(C)C)cccc1-c1ccccc1,MIX626,1,ntp_ice,
82657-04-3,Bifenthrin,Cc1c(COC(=O)[C@@H]2[C@H](C=C(Cl)C(F)(F)F)C2(C)C)cccc1-c1ccccc1,MIX629,1,ntp_ice,
82657-04-3,Bifenthrin,Cc1c(COC(=O)[C@@H]2[C@H](/C=C(\Cl)C(F)(F)F)C2(C)C)cccc1-c1ccccc1,MIX666,0,pubchem_name,
82657-04-3,Bifenthrin,Cc1c(COC(=O)[C@@H]2[C@H](/C=C(\Cl)C(F)(F)F)C2(C)C)cccc1-c1ccccc1,MIX667,0,pubchem_name,
82657-04-3,Bifenthrin,Cc1c(COC(=O)[C@@H]2[C@H](/C=C(\Cl)C(F)(F)F)C2(C)C)cccc1-c1ccccc1,MIX668,0,pubchem_name,
82657-04-3,Bifenthrin,Cc1c(COC(=O)[C@@H]2[C@H](C=C(Cl)C(F)(F)F)C2(C)C)cccc1-c1ccccc1,MIX669,1,ntp_ice,
82657-04-3,Bifenthrin,Cc1c(COC(=O)[C@@H]2[C@H](/C=C(\Cl)C(F)(F)F)C2(C)C)cccc1-c1ccccc1,MIX670,0,pubchem_name,
82657-04-3,Bifenthrin,Cc1c(COC(=O)[C@@H]2[C@H](C=C(Cl)C(F)(F)F)C2(C)C)cccc1-c1ccccc1,MIX88,3,ntp_ice,
82657-04-3,Bifenthrin,Cc1c(COC(=O)[C@@H]2[C@H](/C=C(\Cl)C(F)(F)F)C2(C)C)cccc1-c1ccccc1,MIX91,0,pubchem_name,
82657-04-3,Bifenthrin technical,Cc1c(COC(=O)[C@@H]2[C@H](/C=C(\Cl)C(F)(F)F)C2(C)C)cccc1-c1ccccc1,MIX92,0,pubchem_name,
82657-04-3,"Bifenthrin - 잠정치(8.8% SC 소스 기준, 원제품은 8% ME로 제형 자체가 다름)",Cc1c(COC(=O)[C@@H]2[C@H](/C=C(\Cl)C(F)(F)F)C2(C)C)cccc1-c1ccccc1,MIX93,0,pubchem_name,
82657-04-3,Bifenthrin (Bifenithrin technical),Cc1c(COC(=O)[C@@H]2[C@H](/C=C(\Cl)C(F)(F)F)C2(C)C)cccc1-c1ccccc1,MIX94,0,master_column,
82657-04-3,Bifenthrin,Cc1c(COC(=O)[C@@H]2[C@H](C=C(Cl)C(F)(F)F)C2(C)C)cccc1-c1ccccc1,MIX94,2,ntp_ice,
872-50-4,3.2 Hazardous components,CN1CCCC1=O,EyeIrritation6pack_PID276,1,pubchem_name,
872-50-4,N-Methyl--pyrrolidone 10ppm* (skin),CN1CCCC1=O,EyeIrritation6pack_PID920,2,pubchem_name,
872-50-4,THFA Proprietary,CN1CCCC1=O,EyeIrritation6pack_PID955,1,master_column,length_matched_all
872-50-4,N-methyl-2-pyrrolidone,CN1CCCC1=O,MIX110,1,pubchem_name,
872-50-4,3.2 Hazardous components,CN1CCCC1=O,MIX126,1,pubchem_name,
872-50-4,THFA (Tetrahydrofurfuryl alcohol),CN1CCCC1=O,MIX472,1,master_column,skipped_no_safe_pair
872-50-4,N-Methyl-2-pyrrolidone,CN1CCCC1=O,MIX476,2,nci_cir,
872-50-4,N-Methyl-2-pyrrolidone (기타성분 중 일부),CN1CCCC1=O,MIX489,2,pubchem_name,
872-50-4,N-Methyl-2-pyrrolidone,CCc1nn(C)c(C(=O)NCc2ccc(Oc3ccc(C)cc3)cc2)c1Cl,MIX497,0,master_column,skipped_no_safe_pair
9069-80-1,"Naphthalenesulfonic acid, formaldehyde ammonium salt copolymer",CCO[C@@H]1[C@@H](OC)[C@H](C)O[C@@H](O[C@@H]2C[C@H]3CC[C@@H]4[C@@H](C=C5C(=O)[C@H](C)[C@@H](O[C@H]6CC[C@H](N(C)C)[C@@H](C)O6)CCC[C@H](CC)OC(=O)C[C@H]54)[C@@H]3C2)[C@@H]1OC,MIX254,1,pubchem_name,
9069-80-1,"Naphthalenesulfonic acid, formaldehyde ammonium salt copolymer",CCO[C@@H]1[C@@H](OC)[C@H](C)O[C@@H](O[C@H]2C[C@H]3[C@@H]4C=C5C(=O)[C@H](C)[C@@H](O[C@H]6CC[C@H](N(C)C)[C@@H](C)O6)CCC[C@H](CC)OC(=O)C[C@H]5[C@@H]4C=C(C)[C@@H]3C2)[C@@H]1OC,MIX273,2,pubchem_name,
91465-08-6,lambda-Cyhalothrin,CC1(C)[C@H](C=C(Cl)C(F)(F)F)[C@@H]1C(=O)O[C@@H](C#N)c1cccc(Oc2ccccc2)c1,EyeIrritation6pack_PID1013,20,ntp_ice,
91465-08-6,lambda-Cyhalothrin,CC1(C)[C@H](C=C(Cl)C(F)(F)F)[C@@H]1C(=O)O[C@@H](C#N)c1cccc(Oc2ccccc2)c1,EyeIrritation6pack_PID1042,6,ntp_ice,
91465-08-6,lambda-Cyhalothrin,CC1(C)[C@H](C=C(Cl)C(F)(F)F)[C@@H]1C(=O)O[C@@H](C#N)c1cccc(Oc2ccccc2)c1,EyeIrritation6pack_PID1050,1,ntp_ice,
91465-08-6,lambda-Cyhalothrin,CC1(C)[C@H](C=C(Cl)C(F)(F)F)[C@@H]1C(=O)O[C@@H](C#N)c1cccc(Oc2ccccc2)c1,EyeIrritation6pack_PID222,4,ntp_ice,
91465-08-6,3.1 Substance/Mixture,CC1(C)[C@H](/C=C(\Cl)C(F)(F)F)[C@@H]1C(=O)O[C@@H](C#N)c1cccc(Oc2ccccc2)c1,EyeIrritation6pack_PID276,0,pubchem_name,
91465-08-6,Molecular Weight: 449.85,CC1(C)[C@H](/C=C(\Cl)C(F)(F)F)[C@@H]1C(=O)O[C@@H](C#N)c1cccc(Oc2ccccc2)c1,EyeIrritation6pack_PID286,0,pubchem_name,
91465-08-6,Lambda Cyhalothrin,CC1(C)[C@H](/C=C(\Cl)C(F)(F)F)[C@@H]1C(=O)O[C@@H](C#N)c1cccc(Oc2ccccc2)c1,EyeIrritation6pack_PID330,1,pubchem_name,
91465-08-6,lambda-cyhalothrin,CC1(C)[C@H](/C=C(\Cl)C(F)(F)F)[C@@H]1C(=O)O[C@@H](C#N)c1cccc(Oc2ccccc2)c1,EyeIrritation6pack_PID391,1,pubchem_name,
91465-08-6,lambda-Cyhalothrin,CC1(C)[C@H](C=C(Cl)C(F)(F)F)[C@@H]1C(=O)O[C@@H](C#N)c1cccc(Oc2ccccc2)c1,EyeIrritation6pack_PID486,2,ntp_ice,
91465-08-6,Lambda-cyhalothrin,CC1(C)[C@H](/C=C(\Cl)C(F)(F)F)[C@@H]1C(=O)O[C@@H](C#N)c1cccc(Oc2ccccc2)c1,EyeIrritation6pack_PID570,0,pubchem_name,
91465-08-6,Lambda-cyhalothrin 10.32–11.40,CC1(C)[C@H](/C=C(\Cl)C(F)(F)F)[C@@H]1C(=O)O[C@@H](C#N)c1cccc(Oc2ccccc2)c1,EyeIrritation6pack_PID571,1,pubchem_name,
91465-08-6,Lambda-cyhalothrin ≥ - ≤17,CC1(C)[C@H](/C=C(\Cl)C(F)(F)F)[C@@H]1C(=O)O[C@@H](C#N)c1cccc(Oc2ccccc2)c1,EyeIrritation6pack_PID578,1,pubchem_name,
91465-08-6,lambda-Cyhalothrin,CC1(C)[C@H](C=C(Cl)C(F)(F)F)[C@@H]1C(=O)O[C@@H](C#N)c1cccc(Oc2ccccc2)c1,EyeIrritation6pack_PID860,4,ntp_ice,
91465-08-6,lambda-Cyhalothrin,CC1(C)[C@H](C=C(Cl)C(F)(F)F)[C@@H]1C(=O)O[C@@H](C#N)c1cccc(Oc2ccccc2)c1,EyeIrritation6pack_PID928,3,ntp_ice,
91465-08-6,lambda-Cyhalothrin,CC1(C)[C@H](C=C(Cl)C(F)(F)F)[C@@H]1C(=O)O[C@@H](C#N)c1cccc(Oc2ccccc2)c1,EyeIrritation6pack_PID936,4,ntp_ice,
91465-08-6,3.1 Substance/Mixture,CC1(C)[C@H](/C=C(\Cl)C(F)(F)F)[C@@H]1C(=O)O[C@@H](C#N)c1cccc(Oc2ccccc2)c1,MIX126,0,pubchem_name,
91465-08-6,Lambda Cyhalothrin,CC1(C)[C@H](/C=C(\Cl)C(F)(F)F)[C@@H]1C(=O)O[C@@H](C#N)c1cccc(Oc2ccccc2)c1,MIX177,1,pubchem_name,
91465-08-6,lambda-Cyhalothrin,CC1(C)[C@H](/C=C(\Cl)C(F)(F)F)[C@@H]1C(=O)O[C@@H](C#N)c1cccc(Oc2ccccc2)c1,MIX186,1,pubchem_name,
91465-08-6,lambda-Cyhalothrin,CC1(C)[C@H](C=C(Cl)C(F)(F)F)[C@@H]1C(=O)O[C@@H](C#N)c1cccc(Oc2ccccc2)c1,MIX237,2,ntp_ice,
91465-08-6,Lambda-Cyhalothrin,CC1(C)[C@H](C=C(Cl)C(F)(F)F)[C@@H]1C(=O)O[C@@H](C#N)c1cccc(Oc2ccccc2)c1,MIX280,1,ntp_ice,
91465-08-6,Lambda-cyhalothrin,CC1(C)[C@H](/C=C(\Cl)C(F)(F)F)[C@@H]1C(=O)O[C@@H](C#N)c1cccc(Oc2ccccc2)c1,MIX282,1,pubchem_name,
91465-08-6,Lambda-Cyhalothrin,CC1(C)[C@H](C=C(Cl)C(F)(F)F)[C@@H]1C(=O)O[C@@H](C#N)c1cccc(Oc2ccccc2)c1,MIX287,1,ntp_ice,
91465-08-6,lambda-Cyhalothrin,CC1(C)[C@H](C=C(Cl)C(F)(F)F)[C@@H]1C(=O)O[C@@H](C#N)c1cccc(Oc2ccccc2)c1,MIX434,4,ntp_ice,
91465-08-6,lambda-Cyhalothrin,CC1(C)[C@H](C=C(Cl)C(F)(F)F)[C@@H]1C(=O)O[C@@H](C#N)c1cccc(Oc2ccccc2)c1,MIX455,3,ntp_ice,
91465-08-6,lambda-Cyhalothrin,CC1(C)[C@H](C=C(Cl)C(F)(F)F)[C@@H]1C(=O)O[C@@H](C#N)c1cccc(Oc2ccccc2)c1,MIX459,4,ntp_ice,
91465-08-6,lambda-Cyhalothrin,CC1(C)[C@H](C=C(Cl)C(F)(F)F)[C@@H]1C(=O)O[C@@H](C#N)c1cccc(Oc2ccccc2)c1,MIX531,6,ntp_ice,
91465-08-6,lambda-Cyhalothrin,CC1(C)[C@H](C=C(Cl)C(F)(F)F)[C@@H]1C(=O)O[C@@H](C#N)c1cccc(Oc2ccccc2)c1,MIX532,20,ntp_ice,
91465-08-6,Lambda-Cyhalothrin,CC1(C)[C@H](C=C(Cl)C(F)(F)F)[C@@H]1C(=O)O[C@@H](C#N)c1cccc(Oc2ccccc2)c1,MIX548,1,ntp_ice,
91465-08-6,lambda-Cyhalothrin,CC1(C)[C@H](C=C(Cl)C(F)(F)F)[C@@H]1C(=O)O[C@@H](C#N)c1cccc(Oc2ccccc2)c1,MIX95,4,ntp_ice,
97-99-4,Tetrahydrofurfuryl alcohol 30,OCC1CCCO1,EyeIrritation6pack_PID115,1,pubchem_name,
97-99-4,Tetrahydrofurfuryl,[CH2]C1CCCO1,EyeIrritation6pack_PID760,1,opsin,
97-99-4,Tetrahydrofurfuryl alcohol,[CH2]C1CCCO1,MIX425,1,opsin,
97-99-4,Tetrahydrofurfuryl alcohol,OCC1CCCO1,MIX45,1,pubchem_name,
97-99-4,Tetrahydrofurfuryl alcohol (THFA),OCC1CCCO1,MIX543,3,pubchem_name,
