sheet,key,fid,ep,name,cur,quote,doc,no,has_pdf
D,E1_반대신호,MIX1024,눈자극,Bay oil,NC,GHS Hazard Classifications: None Hazard Statements: None / Eye Contact: Direct contact with the eyes is likely irritating. / Irritancy: May cause eye irritation with direct contact.,,1,False
D,E1_반대신호,MIX1072,눈자극,"Bitter fennel, mix",NC,c) serious eye damage/irritation; / Not conclusive data for classification.,formulation_audit_team_share_highlighted_only_20260630/ingredient_source_audit/highlighted/5de83797814ec23f_highlighted.pdf,2,True
D,E1_반대신호,EyeIrritation6pack_PID695,피부감작성,NEUl l 71H RTU,NC,Respiratory or skin sensitisationMay cause allergic reactions in susceptible people.,formulation_audit_team_share_highlighted_only_20260630/ingredient_source_audit/highlighted/ecb6c1dac58d0ad0_highlighted.pdf,3,True
D,E1_반대신호,MIX645,피부감작성,Metarex 4% Snail to Slug Bait,NC,Skin sensitization: Does not meet OSHA criteria as a skin sensitizer. Prolonged/repeated skin contact may cause allergic reaction in some individuals.,formulation_audit_team_share_highlighted_only_20260630/ingredient_source_audit/highlighted/9e4e42c3ac50daf5_highlighted.pdf,4,True
D,E2_근거없음,MIX1002,눈자극,Cedarwood oil Atlas,NC,Serious eye damage/irritation: Not determined. No significant effects or critical hazards.,formulation_audit_team_share_highlighted_only_20260630/ingredient_source_audit/highlighted/41e679697c8f495a_highlighted.pdf,5,True
D,E2_근거없음,MIX383,눈자극,NNI-0001,NC,"Serious eye damage/eye irritation : Not classified (Based on available data, the classification criteria are not met.) pH: Not applicable",formulation_audit_team_share_highlighted_only_20260630/ingredient_source_audit/highlighted/ba0e013d21fa2454_highlighted.pdf,6,True
D,E2_근거없음,MIX545,눈자극,V-10116 3.7 FS,NC,"2.1 Classification of the substance or mixture / Not a hazardous substance or mixture. / 2.2 GHS Label elements, including precautionary statements / Not a hazardous substance or mixture. / ... Serious eye damage/eye irritation / No data available",formulation_audit_team_share_highlighted_only_20260630/ingredient_source_audit/ordered_option_runs/highlighted_sources/G041_56-81-5_ChemBlink_Sigma_highlighted.pdf,7,True
D,E2_근거없음,EyeIrritation6pack_PID1024,피부감작성,V-10116 3.7 FS,NC,2.1 Classification of the substance or mixture / Not a hazardous substance or mixture. / ... Respiratory or skin sensitisation / No data available,formulation_audit_team_share_highlighted_only_20260630/ingredient_source_audit/ordered_option_runs/highlighted_sources/G041_56-81-5_ChemBlink_Sigma_highlighted.pdf,8,True
D,E2_근거없음,EyeIrritation6pack_PID1027,피부감작성,V-10142 Herbicide,NC,Skin Sensitization (guinea pigs) Non-sensitizer EPA Tox Category Not applicable,formulation_audit_team_share_highlighted_only_20260630/ingredient_source_audit/highlighted/771f17c74b9b0fa9_highlighted.pdf,9,True
D,E2_근거없음,EyeIrritation6pack_PID1044,피부감작성,Weld Herbicide,NC,Respiratory or Skin Sensitization: N/Av ... Sensitization: No effects known.,formulation_audit_team_share_highlighted_only_20260630/ingredient_source_audit/highlighted/c75c7b1be62c2d70_highlighted.pdf,10,True
D,E2_근거없음,EyeIrritation6pack_PID965,피부감작성,Tetrasan 5 WDG,NC,Skin Sensitization (guinea pigs) Not a sensitizer EPA Tox Category Not applicable,formulation_audit_team_share_highlighted_only_20260630/ingredient_source_audit/highlighted/e155bfa6c5a709c6_highlighted.pdf,11,True
D,E2_근거없음,MIX478,피부감작성,Tetrasan 5 WDG,NC,Skin Sensitization (guinea pigs) Not a sensitizer EPA Tox Category Not applicable,formulation_audit_team_share_highlighted_only_20260630/ingredient_source_audit/highlighted/e155bfa6c5a709c6_highlighted.pdf,12,True
D,E2_근거없음,MIX508,피부감작성,V-10142 Herbicide,NC,Skin Sensitization (guinea pigs) Non-sensitizer EPA Tox Category Not applicable,formulation_audit_team_share_highlighted_only_20260630/ingredient_source_audit/highlighted/771f17c74b9b0fa9_highlighted.pdf,13,True
D,E2_근거없음,MIX537,피부감작성,Weld Herbicide,NC,Respiratory or Skin Sensitization: N/Av ... Sensitization: No effects known.,formulation_audit_team_share_highlighted_only_20260630/ingredient_source_audit/highlighted/c75c7b1be62c2d70_highlighted.pdf,14,True
D,E2_근거없음,MIX545,피부감작성,V-10116 3.7 FS,NC,2.1 Classification of the substance or mixture / Not a hazardous substance or mixture. / ... Respiratory or skin sensitisation / No data available,formulation_audit_team_share_highlighted_only_20260630/ingredient_source_audit/ordered_option_runs/highlighted_sources/G041_56-81-5_ChemBlink_Sigma_highlighted.pdf,15,True
D,E2_근거없음,MIX574,피부감작성,Aloft LC SC Insecticide,NC,Skin Sensitization (guinea pigs) Non-sensitizer EPA Tox Category Not applicable,formulation_audit_team_share_highlighted_only_20260630/ingredient_source_audit/highlighted/0ead2d3d5c4fa28e_highlighted.pdf,16,True
D,E2_근거없음,MIX623,피부감작성,Aloft GC G Insecticide,NC,Skin Sensitization (guinea pigs) Non-sensitizer EPA Tox Category Not applicable,formulation_audit_team_share_highlighted_only_20260630/ingredient_source_audit/highlighted/bb24ba2df9a2af52_highlighted.pdf,17,True
D,E2_근거없음,MIX704,피부감작성,Regiment Herbicide,NC,Skin Sensitization (guinea pigs) Non-sensitizer EPA Tox Category Not applicable,formulation_audit_team_share_highlighted_only_20260630/ingredient_source_audit/highlighted/20fc174c37b0b8b7_highlighted.pdf,18,True
D,E2_근거없음,EyeIrritation6pack_PID1024,피부자극,V-10116 3.7 FS,NC,2.1 Classification of the substance or mixture / Not a hazardous substance or mixture. / ... Skin corrosion/irritation / No data available,formulation_audit_team_share_highlighted_only_20260630/ingredient_source_audit/ordered_option_runs/highlighted_sources/G041_56-81-5_ChemBlink_Sigma_highlighted.pdf,19,True
D,E2_근거없음,EyeIrritation6pack_PID699,피부자극,NNI-0001,NC,"Skin corrosion/irritation : Not classified (Based on available data, the classification criteria are not met.) pH: Not applicable",formulation_audit_team_share_highlighted_only_20260630/ingredient_source_audit/highlighted/ba0e013d21fa2454_highlighted.pdf,20,True
D,E3_부호전환,MIX142,눈자극,Decis 1.0 Gel,NC,Serious eye damage/eye irritation / Eyes - Rabbit / Result: No eye irritation,formulation_audit_team_share_highlighted_only_20260630/ingredient_source_audit/highlighted/417529ce078df58e_highlighted.pdf,21,True
D,E3_부호전환,MIX217,눈자극,Folicur 1. 2 emulsifiable concentrate(16.6),NC,Serious eye damage/eye irritation  / Eyes - rabbit  / Result: No eye irritation,formulation_audit_team_share_highlighted_only_20260630/ingredient_source_audit/ordered_option_runs/highlighted_sources/G039_107534-96-3_ChemBlink_Sigma_highlighted.pdf,22,True
D,E3_부호전환,MIX23,눈자극,Acephate,NC,Serious eye damage/eye irritation / Shall not be classified as seriously damaging to the eye or eye irritant.,formulation_audit_team_share_highlighted_only_20260630/ingredient_source_audit/highlighted/e24b8e39082df840_highlighted.pdf,23,True
D,E3_부호전환,MIX345,눈자극,NEU1171H,NC,"Irritation/Corrosion Conclusion/Summary ... Eyes : Based on available data, the classification criteria are not met.",formulation_audit_team_share_highlighted_only_20260630/ingredient_source_audit/highlighted/0504e3ad50d63ff1_highlighted.pdf,24,True
D,E3_부호전환,MIX42,눈자극,Aminopyralid,NC,Serious eye damage/eye irritation / Essentially nonirritating to eyes. / Corneal injury is unlikely.,formulation_audit_team_share_highlighted_only_20260630/ingredient_source_audit/highlighted/2ba9cc637fd8a601_highlighted.pdf,25,True
D,E3_부호전환,MIX434,눈자극,Scimitar GR Insecticide,NC,Eye Contact: Non-Irritating (Rabbit),formulation_audit_team_share_highlighted_only_20260630/ingredient_source_audit/highlighted/ec7e9870eec92980_highlighted.pdf,26,True
D,E3_부호전환,MIX447,눈자극,S-Metolachlor & Mesotrione,NC,Serious eye damage/eye irritation / Shall not be classified as seriously damaging to the eye or eye irritant.,formulation_audit_team_share_highlighted_only_20260630/ingredient_source_audit/highlighted/f7d0674de986bc8f_highlighted.pdf,27,True
D,E3_부호전환,MIX527,눈자극,Vitacon RTU FL Fungicide,NC,(c) serious eye damage/irritation: not irritant,formulation_audit_team_share_highlighted_only_20260630/ingredient_source_audit/highlighted/fd2ea4ca4e1f1268_highlighted.pdf,28,True
D,E3_부호전환,MIX670,눈자극,Bifenthrin 0.069 RU Insecticide With X-X-X Fertilizer,NC,"Serious eye damage/eye irritation Based on available data, the classification criteria are not met.",formulation_audit_team_share_highlighted_only_20260630/ingredient_source_audit/highlighted/c2a5d1d533d1d7dc_highlighted.pdf,29,True
D,E3_부호전환,MIX701,눈자극,NEUl l 71H RTU,NC,Eye The mixture is not considered to be an eye irritant. Sum of eye irritants <10%,formulation_audit_team_share_highlighted_only_20260630/ingredient_source_audit/highlighted/fef9f862170fcdc4_highlighted.pdf,30,True
D,E3_부호전환,MIX759,눈자극,F6141 EW Insecticide,NC,Eye Irritation (Category III) Cause moderate eye irritation | Not classified,formulation_audit_team_share_highlighted_only_20260630/ingredient_source_audit/highlighted/bcabb1bf65fff64c_highlighted.pdf,31,True
D,E3_부호전환,MIX810,눈자극,"Mixture of: diethyl cis-1,4-cyclohexanedicarboxylate; diethyl trans-1,4-cyclohexanedicarboxylate",NC,This product is not considered hazardous by the US OSHA Hazard Communication Standard 2024 (29 CFR 1910.1200).,formulation_audit_team_share_highlighted_only_20260630/ingredient_source_audit/highlighted/aeb8b80ea8f83fdb_highlighted.pdf,32,True
D,E3_부호전환,MIX914,눈자극,Cardamom oil,NC,Serious eye damage/irritation: Based on available data the classification criteria are not met.,formulation_audit_team_share_highlighted_only_20260630/ingredient_source_audit/highlighted/bc72d8d1be4a4024_highlighted.pdf,33,True
D,E3_부호전환,MIX1024,피부감작성,Bay oil,NC,Sensitization to the Product: This product is not expected to cause skin sensitization.,,34,False
D,E3_부호전환,MIX1047,피부감작성,Hibawood oil,NC,2.1 Classification of the substance or mixture / Not a hazardous substance or mixture.,formulation_audit_team_share_highlighted_only_20260630/ingredient_source_audit/ordered_option_runs/highlighted_sources/G061_499-44-5_ChemBlink_Sigma_highlighted.pdf,35,True
D,E3_부호전환,MIX329,피부감작성,Mon 58416,NC,2.1 Classification of the substance or mixture Not a hazardous substance or mixture.,formulation_audit_team_share_highlighted_only_20260630/ingredient_source_audit/ordered_option_runs/highlighted_sources/G022_sigma_mirror_sds_pdf_3a705fd60f882a03_highlighted.pdf,36,True
D,E3_부호전환,MIX759,피부감작성,F6141 EW Insecticide,NC,Skin Sensitization: Product is not considered a contact sensitizer.,formulation_audit_team_share_highlighted_only_20260630/ingredient_source_audit/highlighted/bcabb1bf65fff64c_highlighted.pdf,37,True
D,E3_부호전환,MIX938,피부감작성,Foin absolute,NC,• Respiratory or skin sensitisation / No sensitizing effects known.,formulation_audit_team_share_highlighted_only_20260630/ingredient_source_audit/highlighted/9ab31b9b102d6f04_highlighted.pdf,38,True
D,E3_부호전환,MIX1024,피부자극,Bay oil,NC,Skin Contact: None expected when used under normal conditions.,,39,False
D,E3_부호전환,MIX670,피부자극,Bifenthrin 0.069 RU Insecticide With X-X-X Fertilizer,NC,"Skin corrosion/irritation Based on available data, the classification criteria are not met.",formulation_audit_team_share_highlighted_only_20260630/ingredient_source_audit/highlighted/c2a5d1d533d1d7dc_highlighted.pdf,40,True
D,E3_부호전환,MIX701,피부자극,NEUl l 71H RTU,NC,Skin The mixture is not considered to be a skin irritant. Sum of mild skin irritants <10%,formulation_audit_team_share_highlighted_only_20260630/ingredient_source_audit/highlighted/fef9f862170fcdc4_highlighted.pdf,41,True
D,E3_부호전환,MIX794,피부자극,Oleic/caprylic acid,NC,2.1 Classification of the substance or mixture Not a hazardous substance or mixture.,formulation_audit_team_share_highlighted_only_20260630/ingredient_source_audit/ordered_option_runs/highlighted_sources/G013_112-80-1_ChemBlink_Sigma_highlighted.pdf,42,True
D,E3_부호전환,MIX810,피부자극,"Mixture of: diethyl cis-1,4-cyclohexanedicarboxylate; diethyl trans-1,4-cyclohexanedicarboxylate",NC,This product is not considered hazardous by the US OSHA Hazard Communication Standard 2024 (29 CFR 1910.1200).,formulation_audit_team_share_highlighted_only_20260630/ingredient_source_audit/highlighted/aeb8b80ea8f83fdb_highlighted.pdf,43,True
D,E3_부호전환,MIX811,피부자극,"Mixture of isomers: 1-(1,1-dimethylpropyl)-4-ethoxy-cis-cyclohexane; 1-(1,1-dimethylpropyl)-4-ethoxy-trans-cyclohexane",NC,This product is not considered hazardous by the US OSHA Hazard Communication Standard 2024 (29 CFR 1910.1200).,formulation_audit_team_share_highlighted_only_20260630/ingredient_source_audit/highlighted/aeb8b80ea8f83fdb_highlighted.pdf,44,True
D,E3_부호전환,MIX914,피부자극,Cardamom oil,NC,Skin corrosion/irritation: Based on available data the classification criteria are not met.,formulation_audit_team_share_highlighted_only_20260630/ingredient_source_audit/highlighted/bc72d8d1be4a4024_highlighted.pdf,45,True
A,T1,EyeIrritation6pack_PID1024,눈자극,V-10116 3.7 FS,2B,ntp_measured=2B / sds_v1=NC,formulation_audit_team_share_highlighted_only_20260630/ingredient_source_audit/ordered_option_runs/highlighted_sources/G041_56-81-5_ChemBlink_Sigma_highlighted.pdf,1,True
A,T1,EyeIrritation6pack_PID1032,눈자극,VCP-01,2B,ntp_measured=2B / sds_v1=NC,formulation_audit_team_share_highlighted_only_20260630/ingredient_source_audit/highlighted/4ae6d9fcb3da7345_highlighted.pdf,2,True
A,T1,EyeIrritation6pack_PID1040,눈자극,Voliam Flexi Insecticide,2B,ntp_measured=2B / sds_v1=NC / sds_2nd_sec11=NC,formulation_audit_team_share_highlighted_only_20260630/ingredient_source_audit/highlighted/ddcc0c90471bab7e_highlighted.pdf,3,True
A,T1,EyeIrritation6pack_PID1055,눈자극,XDE-PRDX,2B,ntp_measured=2B / sds_v1=NC,formulation_audit_team_share_highlighted_only_20260630/ingredient_source_audit/ordered_option_runs/highlighted_sources/G040_alternate_sds_pdf_76b1f244a1d1e120_highlighted.pdf,4,True
A,T1,EyeIrritation6pack_PID128,눈자극,BASF MCPP-P,1,ntp_measured=1 / sds_v1=NC / sds_2nd_sec11=NC,formulation_audit_team_share_highlighted_only_20260630/ingredient_source_audit/highlighted/296587bc60e570e8_highlighted.pdf,5,True
A,T1,EyeIrritation6pack_PID288,눈자극,Cypermethrin(95%),2B,ntp_measured=2B / sds_v1=NC / sds_2nd_sec11=NC,formulation_audit_team_share_highlighted_only_20260630/ingredient_source_audit/highlighted/9e9937cbb45ac976_highlighted.pdf,6,True
A,T1,EyeIrritation6pack_PID301,눈자극,Decis 1.0 Gel,1,ntp_measured=1 / sds_v1=NC / sds_2nd_sec11=1,formulation_audit_team_share_highlighted_only_20260630/ingredient_source_audit/highlighted/417529ce078df58e_highlighted.pdf,7,True
A,T1,EyeIrritation6pack_PID40,눈자극,Acephate,2B,ntp_measured=2B / sds_v1=NC / sds_2nd=2A / sds_2nd_sec11=2A,formulation_audit_team_share_highlighted_only_20260630/ingredient_source_audit/highlighted/e24b8e39082df840_highlighted.pdf,8,True
A,T1,EyeIrritation6pack_PID467,눈자극,Folicur 1. 2 emulsifiable concentrate(16.6),1,ntp_measured=1 / sds_v1=NC / sds_2nd_sec11=1,formulation_audit_team_share_highlighted_only_20260630/ingredient_source_audit/ordered_option_runs/highlighted_sources/G039_107534-96-3_ChemBlink_Sigma_highlighted.pdf,9,True
A,T1,EyeIrritation6pack_PID475,눈자극,Foundation Lite,2B,ntp_measured=2B / sds_v1=NC,formulation_audit_team_share_highlighted_only_20260630/ingredient_source_audit/highlighted/91a039fb3c299dad_highlighted.pdf,10,True
A,T1,EyeIrritation6pack_PID560,눈자극,Ironclad Herbicide,2B,ntp_measured=2B / sds_v1=NC,,11,False
A,T1,EyeIrritation6pack_PID669,눈자극,Mon 37500,2B,ntp_measured=2B / sds_v1=NC / sds_2nd_sec11=NC,formulation_audit_team_share_highlighted_only_20260630/ingredient_source_audit/highlighted/7e38bd5df89712c0_highlighted.pdf,12,True
A,T1,EyeIrritation6pack_PID690,눈자극,Nemathorin 500EC,2A,ntp_measured=2A / sds_v1=NC / sds_2nd_sec11=NC,formulation_audit_team_share_highlighted_only_20260630/ingredient_source_audit/highlighted/64126d32834644ab_highlighted.pdf,13,True
A,T1,EyeIrritation6pack_PID694,눈자극,NEU1171H,2A,ntp_measured=2A / sds_v1=NC / sds_2nd_sec11=2A,formulation_audit_team_share_highlighted_only_20260630/ingredient_source_audit/highlighted/0504e3ad50d63ff1_highlighted.pdf,14,True
A,T1,EyeIrritation6pack_PID800,눈자극,Raid Ant & Roach Killer with Germ Kill CIK,2B,ntp_measured=2B / sds_v1=NC / sds_2nd_sec11=NC,formulation_audit_team_share_highlighted_only_20260630/ingredient_source_audit/highlighted/67317f1d65d94142_highlighted.pdf,15,True
A,T1,EyeIrritation6pack_PID838,눈자극,S-Metolachlor & Mesotrione,2B,ntp_measured=2B / sds_v1=NC / sds_2nd_sec11=2B,formulation_audit_team_share_highlighted_only_20260630/ingredient_source_audit/highlighted/f7d0674de986bc8f_highlighted.pdf,16,True
A,T1,EyeIrritation6pack_PID860,눈자극,Scimitar GR Insecticide,2B,ntp_measured=2B / sds_v1=NC / sds_2nd_sec11=2B,formulation_audit_team_share_highlighted_only_20260630/ingredient_source_audit/highlighted/ec7e9870eec92980_highlighted.pdf,17,True
A,T1,EyeIrritation6pack_PID960,눈자극,Tempo 0.1 Granular Insecticide,2B,ntp_measured=2B / sds_v1=NC / sds_2nd_sec11=NC,formulation_audit_team_share_highlighted_only_20260630/ingredient_source_audit/highlighted/ff0ebd75d0a64547_highlighted.pdf,18,True
A,T1,EyeIrritation6pack_PID978,눈자극,Three Way Peanut Seed Treatment Fungicide,2B,ntp_measured=2B / sds_v1=NC / sds_2nd_sec11=NC,formulation_audit_team_share_highlighted_only_20260630/ingredient_source_audit/highlighted/3726b4e8435ad177_highlighted.pdf,19,True
A,T1,MIX342,피부자극,Nemathorin 500EC,2B,ntp_measured=2B / sds_v1=NC / sds_2nd_sec11=NC,formulation_audit_team_share_highlighted_only_20260630/ingredient_source_audit/highlighted/64126d32834644ab_highlighted.pdf,20,True
A,T1,MIX378,피부자극,Raid Ant & Roach Killer with Germ Kill CIK,2A,ntp_measured=2A / sds_v1=NC / sds_2nd_sec11=NC,formulation_audit_team_share_highlighted_only_20260630/ingredient_source_audit/highlighted/67317f1d65d94142_highlighted.pdf,21,True
A,T1,MIX54,피부자극,BAS 500 F Manufacturing Use Product,2B,ntp_measured=2B / sds_v1=NC,formulation_audit_team_share_highlighted_only_20260630/ingredient_source_audit/highlighted/5758adb4093a53cb_highlighted.pdf,22,True
A,T2,EyeIrritation6pack_PID1039,눈자극,Vitacon RTU FL Fungicide,NC,ntp_measured=NC / sds_v1=NC / sds_2nd_sec11=2B,formulation_audit_team_share_highlighted_only_20260630/ingredient_source_audit/highlighted/fd2ea4ca4e1f1268_highlighted.pdf,23,True
A,T2,MIX142,눈자극,Decis 1.0 Gel,NC,sds_v1=NC / sds_2nd_sec11=1,formulation_audit_team_share_highlighted_only_20260630/ingredient_source_audit/highlighted/417529ce078df58e_highlighted.pdf,24,True
A,T2,MIX217,눈자극,Folicur 1. 2 emulsifiable concentrate(16.6),NC,sds_v1=NC / sds_2nd_sec11=1,formulation_audit_team_share_highlighted_only_20260630/ingredient_source_audit/ordered_option_runs/highlighted_sources/G039_107534-96-3_ChemBlink_Sigma_highlighted.pdf,25,True
A,T2,MIX23,눈자극,Acephate,NC,sds_v1=NC / sds_2nd=2A / sds_2nd_sec11=2A,formulation_audit_team_share_highlighted_only_20260630/ingredient_source_audit/highlighted/e24b8e39082df840_highlighted.pdf,26,True
A,T2,MIX345,눈자극,NEU1171H,NC,sds_v1=NC / sds_2nd_sec11=2A,formulation_audit_team_share_highlighted_only_20260630/ingredient_source_audit/highlighted/0504e3ad50d63ff1_highlighted.pdf,27,True
A,T2,MIX42,눈자극,Aminopyralid,NC,sds_v1=NC / sds_2nd=1 / sds_2nd_sec11=1,formulation_audit_team_share_highlighted_only_20260630/ingredient_source_audit/highlighted/2ba9cc637fd8a601_highlighted.pdf,28,True
A,T2,MIX434,눈자극,Scimitar GR Insecticide,NC,sds_v1=NC / sds_2nd_sec11=2B,formulation_audit_team_share_highlighted_only_20260630/ingredient_source_audit/highlighted/ec7e9870eec92980_highlighted.pdf,29,True
A,T2,MIX447,눈자극,S-Metolachlor & Mesotrione,NC,sds_v1=NC / sds_2nd_sec11=2B,formulation_audit_team_share_highlighted_only_20260630/ingredient_source_audit/highlighted/f7d0674de986bc8f_highlighted.pdf,30,True
A,T2,MIX527,눈자극,Vitacon RTU FL Fungicide,NC,sds_v1=NC / sds_2nd_sec11=2B,formulation_audit_team_share_highlighted_only_20260630/ingredient_source_audit/highlighted/fd2ea4ca4e1f1268_highlighted.pdf,31,True
A,T2,MIX670,눈자극,Bifenthrin 0.069 RU Insecticide With X-X-X Fertilizer,NC,sds_v1=NC / sds_2nd=2A / sds_2nd_sec11=2A,formulation_audit_team_share_highlighted_only_20260630/ingredient_source_audit/highlighted/c2a5d1d533d1d7dc_highlighted.pdf,32,True
A,T2,MIX701,눈자극,NEUl l 71H RTU,NC,sds_v1=NC / sds_2nd=1 / sds_2nd_sec11=1,formulation_audit_team_share_highlighted_only_20260630/ingredient_source_audit/highlighted/fef9f862170fcdc4_highlighted.pdf,33,True
A,T2,MIX759,눈자극,F6141 EW Insecticide,NC,sds_v1=NC / sds_2nd=2A / sds_2nd_sec11=2A,formulation_audit_team_share_highlighted_only_20260630/ingredient_source_audit/highlighted/bcabb1bf65fff64c_highlighted.pdf,34,True
A,T2,MIX810,눈자극,"Mixture of: diethyl cis-1,4-cyclohexanedicarboxylate; diethyl trans-1,4-cyclohexanedicarboxylate",NC,sds_v1=NC / sds_2nd=2A / sds_2nd_sec11=2A,formulation_audit_team_share_highlighted_only_20260630/ingredient_source_audit/highlighted/aeb8b80ea8f83fdb_highlighted.pdf,35,True
A,T2,MIX914,눈자극,Cardamom oil,NC,sds_v1=NC / phase1_sds=2A,formulation_audit_team_share_highlighted_only_20260630/ingredient_source_audit/highlighted/bc72d8d1be4a4024_highlighted.pdf,36,True
A,T2,MIX1024,피부자극,Bay oil,NC,sds_v1=NC / sds_2nd=2 / sds_2nd_sec11=2,,37,False
A,T2,MIX670,피부자극,Bifenthrin 0.069 RU Insecticide With X-X-X Fertilizer,NC,sds_v1=NC / sds_2nd=2 / sds_2nd_sec11=2,formulation_audit_team_share_highlighted_only_20260630/ingredient_source_audit/highlighted/c2a5d1d533d1d7dc_highlighted.pdf,38,True
A,T2,MIX701,피부자극,NEUl l 71H RTU,NC,sds_v1=NC / sds_2nd=2 / sds_2nd_sec11=2,formulation_audit_team_share_highlighted_only_20260630/ingredient_source_audit/highlighted/fef9f862170fcdc4_highlighted.pdf,39,True
A,T2,MIX794,피부자극,Oleic/caprylic acid,NC,sds_v1=NC / sds_2nd=1,formulation_audit_team_share_highlighted_only_20260630/ingredient_source_audit/ordered_option_runs/highlighted_sources/G013_112-80-1_ChemBlink_Sigma_highlighted.pdf,40,True
A,T2,MIX810,피부자극,"Mixture of: diethyl cis-1,4-cyclohexanedicarboxylate; diethyl trans-1,4-cyclohexanedicarboxylate",NC,sds_v1=NC / sds_2nd=2 / sds_2nd_sec11=2,formulation_audit_team_share_highlighted_only_20260630/ingredient_source_audit/highlighted/aeb8b80ea8f83fdb_highlighted.pdf,41,True
A,T2,MIX811,피부자극,"Mixture of isomers: 1-(1,1-dimethylpropyl)-4-ethoxy-cis-cyclohexane; 1-(1,1-dimethylpropyl)-4-ethoxy-trans-cyclohexane",NC,sds_v1=NC / sds_2nd=2 / sds_2nd_sec11=2,formulation_audit_team_share_highlighted_only_20260630/ingredient_source_audit/highlighted/aeb8b80ea8f83fdb_highlighted.pdf,42,True
A,T2,MIX914,피부자극,Cardamom oil,NC,sds_v1=NC / phase1_sds=2,formulation_audit_team_share_highlighted_only_20260630/ingredient_source_audit/highlighted/bc72d8d1be4a4024_highlighted.pdf,43,True
A,T2,MIX1024,피부감작성,Bay oil,NC,sds_v1=NC / sds_2nd_sec11=1,,44,False
A,T2,MIX1047,피부감작성,Hibawood oil,NC,sds_v1=NC / sds_2nd=1 / sds_2nd_sec11=1,formulation_audit_team_share_highlighted_only_20260630/ingredient_source_audit/ordered_option_runs/highlighted_sources/G061_499-44-5_ChemBlink_Sigma_highlighted.pdf,45,True
A,T2,MIX329,피부감작성,Mon 58416,NC,sds_v1=NC / phase1_sds=1,formulation_audit_team_share_highlighted_only_20260630/ingredient_source_audit/ordered_option_runs/highlighted_sources/G022_sigma_mirror_sds_pdf_3a705fd60f882a03_highlighted.pdf,46,True
A,T2,MIX759,피부감작성,F6141 EW Insecticide,NC,sds_v1=NC / sds_2nd=1 / sds_2nd_sec11=1B,formulation_audit_team_share_highlighted_only_20260630/ingredient_source_audit/highlighted/bcabb1bf65fff64c_highlighted.pdf,47,True
A,T2,MIX938,피부감작성,Foin absolute,NC,sds_v1=NC / sds_2nd=1 / sds_2nd_sec11=1,formulation_audit_team_share_highlighted_only_20260630/ingredient_source_audit/highlighted/9ab31b9b102d6f04_highlighted.pdf,48,True
