단위,열,정보원,n행,결측,0,고유값수,최소,최대,0_무조성,0_무구조,임퓨트된0,결측플래그열_있음
제형,ct_eye_ord,판정제외,1675,901,612,3,0.0,3.0,79.0,11,0,1
제형,ct_not_applicable,판정제외,1675,0,1649,2,0.0,1.0,281.0,224,0,0
제형,ct_sens_ord,판정제외,1675,899,596,2,0.0,1.0,80.0,8,0,1
제형,ct_skin_ord,판정제외,1675,900,659,3,0.0,4.0,79.0,9,0,1
제형,f_BertzCT_max,무구조,1675,225,18,344,0.0,8431.087743,4.0,0,0,1
제형,f_BertzCT_mean,무구조,1675,225,18,698,0.0,3922.139654,4.0,0,0,1
제형,f_BertzCT_min,무구조,1675,225,78,360,0.0,3922.139654,9.0,0,0,1
제형,f_BertzCT_range,무구조,1675,225,567,473,0.0,8404.068193,116.0,0,0,1
제형,f_BertzCT_std,무구조,1675,225,567,507,0.0,3833.830443,116.0,0,0,1
제형,f_BertzCT_wmean,무구조,1675,419,14,687,0.0,3922.139654,0.0,0,0,1
제형,f_FractionCSP3_max,무구조,1675,225,84,101,0.0,1.0,19.0,0,0,1
제형,f_FractionCSP3_mean,무구조,1675,225,84,433,0.0,1.0,19.0,0,0,1
제형,f_FractionCSP3_min,무구조,1675,225,414,91,0.0,1.0,39.0,0,0,1
제형,f_FractionCSP3_range,무구조,1675,225,613,221,0.0,1.0,128.0,0,0,1
제형,f_FractionCSP3_std,무구조,1675,225,613,409,0.0,0.5,128.0,0,0,1
제형,f_FractionCSP3_wmean,무구조,1675,419,76,509,0.0,1.0,0.0,0,0,1
제형,f_HallKierAlpha_max,무구조,1675,225,20,309,-4.62,12.66,1.0,0,0,1
제형,f_HallKierAlpha_mean,무구조,1675,225,1,641,-4.62,2.372468,1.0,0,0,1
제형,f_HallKierAlpha_min,무구조,1675,225,1,292,-5.240519,2.372468,1.0,0,0,1
제형,f_HallKierAlpha_range,무구조,1675,225,585,411,0.0,15.69,124.0,0,0,1
제형,f_HallKierAlpha_std,무구조,1675,225,583,479,0.0,5.547634,123.0,0,0,1
제형,f_HallKierAlpha_wmean,무구조,1675,419,0,662,-4.62,2.02,0.0,0,0,1
제형,f_Kappa2_max,무구조,1675,225,1,376,-27.04,760.107715,1.0,0,0,1
제형,f_Kappa2_mean,무구조,1675,225,1,694,-27.04,325.131877,1.0,0,0,1
제형,f_Kappa2_min,무구조,1675,225,4,349,-27.04,40.397551,1.0,0,0,1
제형,f_Kappa2_range,무구조,1675,225,570,465,0.0,787.147715,118.0,0,0,1
제형,f_Kappa2_std,무구조,1675,225,570,499,0.0,332.285683,118.0,0,0,1
제형,f_Kappa2_wmean,무구조,1675,419,0,682,-25.481199,81.19261,0.0,0,0,1
제형,f_LabuteASA_max,무구조,1675,225,0,382,6.849231,726.431326,0.0,0,0,1
제형,f_LabuteASA_mean,무구조,1675,225,0,714,6.849231,726.431326,0.0,0,0,1
제형,f_LabuteASA_min,무구조,1675,225,0,397,6.097141,726.431326,0.0,0,0,1
제형,f_LabuteASA_range,무구조,1675,225,566,473,0.0,712.897841,118.0,0,0,1
제형,f_LabuteASA_std,무구조,1675,225,566,506,0.0,318.878178,118.0,0,0,1
제형,f_LabuteASA_wmean,무구조,1675,419,0,693,7.649158,726.431326,0.0,0,0,1
제형,f_MaxAbsPartialCharge_max,무구조,1675,225,16,291,0.0,4.0,2.0,0,0,1
제형,f_MaxAbsPartialCharge_mean,무구조,1675,225,16,657,0.0,3.0,2.0,0,0,1
제형,f_MaxAbsPartialCharge_min,무구조,1675,225,40,324,0.0,3.0,5.0,0,0,1
제형,f_MaxAbsPartialCharge_range,무구조,1675,225,593,437,0.0,3.66604,118.0,0,0,1
제형,f_MaxAbsPartialCharge_std,무구조,1675,225,593,485,0.0,1.658958,118.0,0,0,1
제형,f_MaxAbsPartialCharge_wmean,무구조,1675,421,14,656,0.0,3.0,0.0,0,0,1
제형,f_MolLogP_max,무구조,1675,225,0,368,-10.9767,11.4611,0.0,0,0,1
제형,f_MolLogP_mean,무구조,1675,225,0,720,-10.9767,10.3647,0.0,0,0,1
제형,f_MolLogP_min,무구조,1675,225,0,414,-46.6686,10.3647,0.0,0,0,1
제형,f_MolLogP_range,무구조,1675,225,564,471,0.0,55.7547,118.0,0,0,1
제형,f_MolLogP_std,무구조,1675,225,564,506,0.0,19.285698,118.0,0,0,1
제형,f_MolLogP_wmean,무구조,1675,419,0,693,-14.531971,10.3647,0.0,0,0,1
제형,f_MolMR_max,무구조,1675,225,0,367,0.6865,449.9938,0.0,0,0,1
제형,f_MolMR_mean,무구조,1675,225,0,704,0.6865,449.9938,0.0,0,0,1
제형,f_MolMR_min,무구조,1675,225,16,376,0.0,449.9938,1.0,0,0,1
제형,f_MolMR_range,무구조,1675,225,571,462,0.0,441.851,117.0,0,0,1
제형,f_MolMR_std,무구조,1675,225,571,502,0.0,194.3449,117.0,0,0,1
제형,f_MolMR_wmean,무구조,1675,419,0,696,0.6865,449.9938,0.0,0,0,1
제형,f_MolWt_max,무구조,1675,225,0,367,12.011,1732.153,0.0,0,0,1
제형,f_MolWt_mean,무구조,1675,225,0,706,12.011,1732.153,0.0,0,0,1
제형,f_MolWt_min,무구조,1675,225,0,394,12.011,1732.153,0.0,0,0,1
제형,f_MolWt_range,무구조,1675,225,567,470,0.0,1700.111,117.0,0,0,1
제형,f_MolWt_std,무구조,1675,225,567,502,0.0,766.4075,117.0,0,0,1
제형,f_MolWt_wmean,무구조,1675,419,0,688,20.549497,1732.153,0.0,0,0,1
제형,f_NumAromaticRings_max,무구조,1675,225,233,8,0.0,7.0,52.0,0,0,1
제형,f_NumAromaticRings_mean,무구조,1675,225,233,50,0.0,3.0,52.0,0,0,1
제형,f_NumAromaticRings_min,무구조,1675,225,735,4,0.0,3.0,87.0,0,0,1
제형,f_NumAromaticRings_range,무구조,1675,225,743,7,0.0,7.0,141.0,0,0,1
제형,f_NumAromaticRings_std,무구조,1675,225,743,67,0.0,2.0,141.0,0,0,1
제형,f_NumAromaticRings_wmean,무구조,1675,419,196,314,0.0,3.0,0.0,0,0,1
제형,f_NumHAcceptors_max,무구조,1675,225,34,17,0.0,28.0,8.0,0,0,1
제형,f_NumHAcceptors_mean,무구조,1675,225,34,93,0.0,28.0,8.0,0,0,1
제형,f_NumHAcceptors_min,무구조,1675,225,196,16,0.0,28.0,24.0,0,0,1
제형,f_NumHAcceptors_range,무구조,1675,225,676,18,0.0,27.0,136.0,0,0,1
제형,f_NumHAcceptors_std,무구조,1675,225,676,136,0.0,13.5,136.0,0,0,1
제형,f_NumHAcceptors_wmean,무구조,1675,419,25,387,0.0,28.0,0.0,0,0,1
제형,f_NumHDonors_max,무구조,1675,225,424,8,0.0,8.0,63.0,0,0,1
제형,f_NumHDonors_mean,무구조,1675,225,424,48,0.0,6.0,63.0,0,0,1
제형,f_NumHDonors_min,무구조,1675,225,983,7,0.0,6.0,99.0,0,0,1
제형,f_NumHDonors_range,무구조,1675,225,785,9,0.0,8.0,143.0,0,0,1
제형,f_NumHDonors_std,무구조,1675,225,785,72,0.0,3.5,143.0,0,0,1
제형,f_NumHDonors_wmean,무구조,1675,419,417,299,0.0,6.0,0.0,0,0,1
제형,f_NumHeteroatoms_max,무구조,1675,225,12,23,0.0,42.0,4.0,0,0,1
제형,f_NumHeteroatoms_mean,무구조,1675,225,12,114,0.0,28.0,4.0,0,0,1
제형,f_NumHeteroatoms_min,무구조,1675,225,97,18,0.0,28.0,14.0,0,0,1
제형,f_NumHeteroatoms_range,무구조,1675,225,618,25,0.0,41.0,127.0,0,0,1
제형,f_NumHeteroatoms_std,무구조,1675,225,618,172,0.0,17.441967,127.0,0,0,1
제형,f_NumHeteroatoms_wmean,무구조,1675,419,7,424,0.0,28.0,0.0,0,0,1
제형,f_NumRotatableBonds_max,무구조,1675,225,94,23,0.0,36.0,16.0,0,0,1
제형,f_NumRotatableBonds_mean,무구조,1675,225,94,111,0.0,21.0,16.0,0,0,1
제형,f_NumRotatableBonds_min,무구조,1675,225,503,15,0.0,15.0,53.0,0,0,1
제형,f_NumRotatableBonds_range,무구조,1675,225,635,23,0.0,30.0,125.0,0,0,1
제형,f_NumRotatableBonds_std,무구조,1675,225,635,175,0.0,15.0,125.0,0,0,1
제형,f_NumRotatableBonds_wmean,무구조,1675,419,91,406,0.0,16.2,0.0,0,0,1
제형,f_RingCount_max,무구조,1675,225,156,11,0.0,14.0,33.0,0,0,1
제형,f_RingCount_mean,무구조,1675,225,156,61,0.0,14.0,33.0,0,0,1
제형,f_RingCount_min,무구조,1675,225,604,9,0.0,14.0,59.0,0,0,1
제형,f_RingCount_range,무구조,1675,225,711,12,0.0,14.0,137.0,0,0,1
제형,f_RingCount_std,무구조,1675,225,711,80,0.0,7.0,137.0,0,0,1
제형,f_RingCount_wmean,무구조,1675,419,131,339,0.0,14.0,0.0,0,0,1
제형,f_TPSA_max,무구조,1675,225,31,272,0.0,542.03,6.0,0,0,1
제형,f_TPSA_mean,무구조,1675,225,31,610,0.0,340.12,6.0,0,0,1
제형,f_TPSA_min,무구조,1675,225,165,201,0.0,340.12,21.0,0,0,1
제형,f_TPSA_range,무구조,1675,225,599,399,0.0,542.03,128.0,0,0,1
제형,f_TPSA_std,무구조,1675,225,598,470,0.0,199.536106,128.0,0,0,1
제형,f_TPSA_wmean,무구조,1675,419,24,608,0.0,340.12,0.0,0,0,1
제형,f_ct_eye_add,판정제외,1675,990,491,110,0.0,1001.9,51.0,9,0,1
제형,f_ct_eye_cat_1,판정제외,1675,0,1585,2,0.0,1.0,281.0,222,0,0
제형,f_ct_eye_cat_2A,판정제외,1675,0,1603,2,0.0,1.0,281.0,219,0,0
제형,f_ct_eye_cat_NC,판정제외,1675,0,1063,2,0.0,1.0,202.0,214,0,0
제형,f_ct_eye_cat___NA__,판정제외,1675,0,774,2,0.0,1.0,79.0,20,0,0
제형,f_ct_eye_ord,판정제외,1675,901,612,3,0.0,3.0,79.0,11,0,1
제형,f_ct_eye_s1,판정제외,1675,946,608,69,0.0,100.19,64.0,17,0,1
제형,f_ct_eye_s2,판정제외,1675,954,604,68,0.0,190.0,63.0,12,0,1
제형,f_ct_sens_add,판정제외,1675,945,496,128,0.0,1210.525,54.0,8,0,1
제형,f_ct_sens_cat_1,판정제외,1675,0,1495,2,0.0,1.0,281.0,213,0,0
제형,f_ct_sens_cat_NC,판정제외,1675,0,1079,2,0.0,1.0,201.0,217,0,0
제형,f_ct_sens_cat___NA__,판정제외,1675,0,776,2,0.0,1.0,80.0,20,0,0
제형,f_ct_sens_ord,판정제외,1675,899,596,2,0.0,1.0,80.0,8,0,1
제형,f_ct_sens_s1,판정제외,1675,945,496,128,0.0,121.0525,54.0,8,0,1
제형,f_ct_skin_add,판정제외,1675,955,563,81,0.0,900.0,61.0,8,0,1
제형,f_ct_skin_cat_1,판정제외,1675,0,1654,2,0.0,1.0,281.0,225,0,0
제형,f_ct_skin_cat_2,판정제외,1675,0,1580,2,0.0,1.0,281.0,213,0,0
제형,f_ct_skin_cat_NC,판정제외,1675,0,1016,2,0.0,1.0,202.0,216,0,0
제형,f_ct_skin_cat___NA__,판정제외,1675,0,775,2,0.0,1.0,79.0,21,0,0
제형,f_ct_skin_ord,판정제외,1675,900,659,3,0.0,4.0,79.0,9,0,1
제형,f_ct_skin_s1,판정제외,1675,918,716,26,0.0,90.0,77.0,21,0,1
제형,f_ct_skin_s2,판정제외,1675,938,616,65,0.0,190.0,63.0,8,0,1
제형,f_has_synergist,판정제외,1675,0,1648,2,0.0,1.0,281.0,225,0,0
제형,f_logKp_pottsguy_max,무구조,1675,225,0,388,-12.183828,1.721125,0.0,0,0,1
제형,f_logKp_pottsguy_mean,무구조,1675,225,0,721,-12.183828,0.24428,0.0,0,0,1
제형,f_logKp_pottsguy_min,무구조,1675,225,0,422,-41.469971,0.24428,0.0,0,0,1
제형,f_logKp_pottsguy_range,무구조,1675,225,563,468,0.0,42.41082,117.0,0,0,1
제형,f_logKp_pottsguy_std,무구조,1675,225,563,510,0.0,14.977676,117.0,0,0,1
제형,f_logKp_pottsguy_wmean,무구조,1675,419,0,692,-14.707701,-0.182111,0.0,0,0,1
제형,f_max_alkyl_chain_max,무구조,1675,225,59,20,0.0,24.0,14.0,0,0,1
제형,f_max_alkyl_chain_mean,무구조,1675,225,59,92,0.0,16.0,14.0,0,0,1
제형,f_max_alkyl_chain_min,무구조,1675,225,366,11,0.0,16.0,36.0,0,0,1
제형,f_max_alkyl_chain_range,무구조,1675,225,661,19,0.0,24.0,129.0,0,0,1
제형,f_max_alkyl_chain_std,무구조,1675,225,661,130,0.0,11.085526,129.0,0,0,1
제형,f_max_alkyl_chain_wmean,무구조,1675,419,53,378,0.0,16.0,0.0,0,0,1
제형,f_max_pct,무조성,1675,281,0,433,0.001,100.0,0.0,0,0,1
제형,f_n_structural_alerts_max,무구조,1675,225,1277,3,0.0,2.0,167.0,0,0,1
제형,f_n_structural_alerts_mean,무구조,1675,225,1277,17,0.0,1.4,167.0,0,0,1
제형,f_n_structural_alerts_min,무구조,1675,225,1422,2,0.0,1.0,173.0,0,0,1
제형,f_n_structural_alerts_range,무구조,1675,225,1304,3,0.0,2.0,179.0,0,0,1
제형,f_n_structural_alerts_std,무구조,1675,225,1304,19,0.0,0.866025,179.0,0,0,1
제형,f_n_structural_alerts_wmean,무구조,1675,419,1124,78,0.0,2.0,0.0,0,0,1
제형,f_pct_active,무조성,1675,281,172,396,0.0,100.0,0.0,9,0,1
제형,f_pct_active_presumed,무조성,1675,281,172,396,0.0,100.0,0.0,9,0,1
제형,f_pct_carrier_inert,무조성,1675,281,1295,61,0.0,138.5,0.0,127,0,1
제형,f_pct_fragrance_dye,무조성,1675,281,1372,21,0.0,95.0,0.0,124,0,1
제형,f_pct_ph_adjuster,무조성,1675,281,1374,13,0.0,60.0,0.0,130,0,1
제형,f_pct_preservative,무조성,1675,281,1382,11,0.0,100.0,0.0,129,0,1
제형,f_pct_propellant,무조성,1675,281,1363,16,0.0,35.0,0.0,129,0,1
제형,f_pct_solvent,무조성,1675,281,1250,64,0.0,100.0,0.0,128,0,1
제형,f_pct_surf_anionic,무조성,1675,281,1359,18,0.0,90.91,0.0,130,0,1
제형,f_pct_surf_cationic,무조성,1675,281,1381,11,0.0,50.0,0.0,130,0,1
제형,f_pct_surf_nonionic,무조성,1675,281,1369,14,0.0,99.95,0.0,130,0,1
제형,f_pct_surf_total,무조성,1675,0,1605,36,0.0,99.95,281.0,225,281,0
제형,f_pct_surfactant,무조성,1675,281,1331,30,0.0,90.91,0.0,128,0,1
제형,f_pct_synergist,무조성,1675,281,1373,13,0.0,27.5,0.0,130,0,1
제형,f_pct_unknown,무조성,1675,281,717,350,0.0,101.2,0.0,127,0,1
제형,f_pct_water,무조성,1675,281,1383,9,0.0,98.02,0.0,130,0,1
제형,f_shannon,무조성,1675,281,663,476,-0.0,2.582306,0.0,125,0,1
제형,f_simpson,무조성,1675,281,663,478,0.0,0.919753,0.0,125,0,1
제형,f_solvent_x_logp,무조성,1675,419,1115,114,-8.864262,440.795369,0.0,0,0,1
제형,f_surf_anionic_nonionic,무조성,1675,0,1674,2,0.0,1.0,281.0,225,281,0
제형,f_surf_charge_imbalance,무조성,1675,1627,0,2,-1.0,1.0,0.0,0,0,1
제형,f_surf_x_logkp,무조성,1675,419,1186,56,-388.702593,-0.0,0.0,0,0,1
제형,f_surf_x_logp,무조성,1675,419,1186,56,-114.765846,371.772474,0.0,0,0,1
제형,f_tanimoto_max,무구조,1675,783,41,277,0.0,1.0,4.0,0,0,1
제형,f_tanimoto_mean,무구조,1675,783,41,445,0.0,1.0,4.0,0,0,1
제형,f_tanimoto_min,무구조,1675,783,213,231,0.0,1.0,13.0,0,0,1
제형,form_code_best_AE,판정제외,1675,0,1659,2,0.0,1.0,281.0,225,0,0
제형,form_code_best_CS,판정제외,1675,0,1664,2,0.0,1.0,279.0,225,0,0
제형,form_code_best_EC,판정제외,1675,0,1544,2,0.0,1.0,251.0,195,0,0
제형,form_code_best_FS,판정제외,1675,0,1615,2,0.0,1.0,274.0,224,0,0
제형,form_code_best_GR,판정제외,1675,0,1426,2,0.0,1.0,252.0,198,0,0
제형,form_code_best_RB,판정제외,1675,0,1651,2,0.0,1.0,276.0,224,0,0
제형,form_code_best_SC,판정제외,1675,0,1528,2,0.0,1.0,273.0,223,0,0
제형,form_code_best_SL,판정제외,1675,0,1157,2,0.0,1.0,206.0,199,0,0
제형,form_code_best_WG,판정제외,1675,0,1566,2,0.0,1.0,273.0,220,0,0
제형,form_code_best_WP,판정제외,1675,0,1653,2,0.0,1.0,279.0,225,0,0
제형,form_code_best___NA__,판정제외,1675,0,1326,2,0.0,1.0,170.0,94,0,0
제형,form_code_best___RARE__,판정제외,1675,0,1636,2,0.0,1.0,277.0,223,0,0
제형,formulation_type_Aerosol / Fogger,판정제외,1675,0,1665,2,0.0,1.0,281.0,225,0,0
제형,formulation_type_Concentrate,판정제외,1675,0,1646,2,0.0,1.0,281.0,225,0,0
제형,formulation_type_Granular / Granules,판정제외,1675,0,1649,2,0.0,1.0,281.0,225,0,0
제형,formulation_type_Seed Treatment,판정제외,1675,0,1661,2,0.0,1.0,281.0,225,0,0
제형,formulation_type___NA__,판정제외,1675,0,353,2,0.0,1.0,37.0,11,0,0
제형,formulation_type___RARE__,판정제외,1675,0,1546,2,0.0,1.0,260.0,219,0,0
제형,formulation_type_수화제,판정제외,1675,0,1660,2,0.0,1.0,280.0,225,0,0
제형,formulation_type_액상수화제,판정제외,1675,0,1626,2,0.0,1.0,277.0,224,0,0
제형,formulation_type_유제,판정제외,1675,0,1647,2,0.0,1.0,277.0,224,0,0
제형,formulation_type_입상수화제,판정제외,1675,0,1646,2,0.0,1.0,278.0,222,0,0
제형,formulation_type_종자처리수화제,판정제외,1675,0,1651,2,0.0,1.0,277.0,225,0,0
제형,pc2_autoignition,판정제외,1675,1519,0,66,89.0,1015.2,0.0,0,0,1
제형,pc2_bp,판정제외,1675,1293,0,135,-19.1,2230.0,0.0,0,0,1
제형,pc2_decomp,판정제외,1675,1545,0,46,-98.15,950.0,0.0,0,0,1
제형,pc2_density,판정제외,1675,952,0,275,0.00062,22.5,0.0,0,0,1
제형,pc2_evap,판정제외,1675,1662,0,4,0.01,1.02,0.0,0,0,0
제형,pc2_fp,판정제외,1675,1245,0,143,-12.0,453.3,0.0,0,0,1
제형,pc2_logkow,판정제외,1675,1009,0,187,-4.6,10.0,0.0,0,0,1
제형,pc2_mp,판정제외,1675,889,23,232,-173.0,1326.0,4.0,1,0,1
제형,pc2_ph,판정제외,1675,1142,0,122,0.5,13.0,0.0,0,0,1
제형,pc2_ph_hi,판정제외,1675,1142,0,112,0.5,13.0,0.0,0,0,1
제형,pc2_ph_lo,판정제외,1675,1142,0,109,0.5,13.0,0.0,0,0,1
제형,pc2_physical_state___NA__,판정제외,1675,0,886,2,0.0,1.0,150.0,129,0,0
제형,pc2_physical_state___RARE__,판정제외,1675,0,1659,2,0.0,1.0,278.0,224,0,0
제형,pc2_physical_state_crystalline_solid,판정제외,1675,0,1655,2,0.0,1.0,273.0,222,0,0
제형,pc2_physical_state_dispersion,판정제외,1675,0,1608,2,0.0,1.0,278.0,224,0,0
제형,pc2_physical_state_granule,판정제외,1675,0,1578,2,0.0,1.0,274.0,222,0,0
제형,pc2_physical_state_liquid,판정제외,1675,0,1207,2,0.0,1.0,208.0,125,0,0
제형,pc2_physical_state_powder,판정제외,1675,0,1592,2,0.0,1.0,258.0,217,0,0
제형,pc2_physical_state_solid,판정제외,1675,0,1540,2,0.0,1.0,248.0,212,0,0
제형,pc2_solubility,판정제외,1675,1068,1,185,0.0,1000000.0,0.0,0,0,1
제형,pc2_solubility_qual___NA__,판정제외,1675,0,452,2,0.0,1.0,60.0,62,0,0
제형,pc2_solubility_qual_dispersible,판정제외,1675,0,1539,2,0.0,1.0,274.0,223,0,0
제형,pc2_solubility_qual_insoluble,판정제외,1675,0,1550,2,0.0,1.0,256.0,180,0,0
제형,pc2_solubility_qual_miscible,판정제외,1675,0,1598,2,0.0,1.0,269.0,218,0,0
제형,pc2_solubility_qual_slightly_soluble,판정제외,1675,0,1660,2,0.0,1.0,279.0,223,0,0
제형,pc2_solubility_qual_soluble,판정제외,1675,0,1576,2,0.0,1.0,267.0,219,0,0
제형,pc2_vapdens,판정제외,1675,1650,0,13,0.03,8.0,0.0,0,0,0
제형,pc2_viscosity,판정제외,1675,1517,0,76,0.39,875255.0,0.0,0,0,1
제형,pc2_vp,판정제외,1675,984,15,226,0.0,47900000.0,3.0,1,0,1
제형,ph_best,판정제외,1675,1141,0,109,0.5,13.0,0.0,0,0,1
성분,MolWt,무구조,5287,1707,0,655,12.011,1732.153,,0,0,1
성분,ExactMolWt,무구조,5287,1707,0,600,12.0,1730.968764,,0,0,1
성분,MolLogP,무구조,5287,1707,0,676,-46.6686,11.4611,,0,0,1
성분,MolMR,무구조,5287,1707,16,660,0.0,449.9938,,0,0,1
성분,TPSA,무구조,5287,1707,348,353,0.0,542.03,,0,0,1
성분,NumHDonors,무구조,5287,1707,1881,8,0.0,8.0,,0,0,1
성분,NumHAcceptors,무구조,5287,1707,398,17,0.0,28.0,,0,0,1
성분,NumRotatableBonds,무구조,5287,1707,832,23,0.0,36.0,,0,0,1
성분,NumAromaticRings,무구조,5287,1707,1338,8,0.0,7.0,,0,0,1
성분,NumAliphaticRings,무구조,5287,1707,2417,8,0.0,14.0,,0,0,1
성분,RingCount,무구조,5287,1707,941,11,0.0,14.0,,0,0,1
성분,FractionCSP3,무구조,5287,1707,583,121,0.0,1.0,,0,0,1
성분,HeavyAtomCount,무구조,5287,1707,0,54,1.0,123.0,,0,0,1
성분,NumHeteroatoms,무구조,5287,1707,261,23,0.0,42.0,,0,0,1
성분,NOCount,무구조,5287,1707,323,21,0.0,28.0,,0,0,1
성분,NHOHCount,무구조,5287,1707,1820,13,0.0,15.0,,0,0,1
성분,NumSaturatedRings,무구조,5287,1707,2687,8,0.0,8.0,,0,0,1
성분,LabuteASA,무구조,5287,1707,0,685,6.097141,726.431326,,0,0,1
성분,BalabanJ,무구조,5287,1707,228,616,-2e-06,4.807811,,0,0,1
성분,BertzCT,무구조,5287,1707,84,620,0.0,8431.087743,,0,0,1
성분,Chi0v,무구조,5287,1707,2,644,0.0,75.724646,,0,0,1
성분,Chi1v,무구조,5287,1707,113,659,0.0,45.181386,,0,0,1
성분,Kappa1,무구조,5287,1707,4,587,0.0,1075.41642,,0,0,1
성분,Kappa2,무구조,5287,1707,4,622,-27.04,760.107715,,0,0,1
성분,Kappa3,무구조,5287,1707,19,633,-104.04,108814.03,,0,0,1
성분,HallKierAlpha,무구조,5287,1707,31,454,-5.240519,12.66,,0,0,1
성분,MaxPartialCharge,무구조,5287,1727,42,553,-0.41151,4.0,,0,0,1
성분,MinPartialCharge,무구조,5287,1727,42,582,-2.0,1.0,,0,0,1
성분,MaxAbsPartialCharge,무구조,5287,1727,42,531,0.0,4.0,,0,0,1
성분,NumValenceElectrons,무구조,5287,1707,0,129,4.0,690.0,,0,0,1
성분,qed,무구조,5287,1707,0,678,0.034291,0.943209,,0,0,1
성분,n_structural_alerts,무구조,5287,1707,3371,3,0.0,2.0,,0,0,1
성분,formal_charge,무구조,5287,1707,3570,5,-3.0,3.0,,0,0,1
성분,n_pos_atoms,무구조,5287,1707,2999,8,0.0,12.0,,0,0,1
성분,n_neg_atoms,무구조,5287,1707,3001,10,0.0,14.0,,0,0,1
성분,is_ionic,무구조,5287,1707,2995,2,0.0,1.0,,0,0,1
성분,n_fragments,무구조,5287,1707,0,13,1.0,20.0,,0,0,1
성분,has_metal,무구조,5287,1707,3298,2,0.0,1.0,,0,0,1
성분,logKp_pottsguy,무구조,5287,1707,0,697,-41.469971,1.721125,,0,0,1
성분,max_alkyl_chain,무구조,5287,1707,483,20,0.0,24.0,,0,0,1
성분,has_aldehyde,무구조,5287,1707,3549,2,0.0,1.0,,0,0,1
성분,has_alkoxide_hydroxide,무구조,5287,1707,3119,2,0.0,1.0,,0,0,1
성분,has_amine_prim,무구조,5287,1707,3425,2,0.0,1.0,,0,0,1
성분,has_amine_tert,무구조,5287,1707,3311,2,0.0,1.0,,0,0,1
성분,has_anhydride,무구조,5287,1707,3579,2,0.0,1.0,,0,0,1
성분,has_carboxylate,무구조,5287,1707,3495,2,0.0,1.0,,0,0,1
성분,has_carboxylic_acid,무구조,5287,1707,3369,2,0.0,1.0,,0,0,1
성분,has_epoxide,무구조,5287,1707,3571,2,0.0,1.0,,0,0,1
성분,has_halo_aromatic,무구조,5287,1707,2562,2,0.0,1.0,,0,0,1
성분,has_long_alkyl,무구조,5287,1707,3521,2,0.0,1.0,,0,0,1
성분,has_michael_acceptor,무구조,5287,1707,3405,2,0.0,1.0,,0,0,1
성분,has_peo_chain,무구조,5287,1707,3547,2,0.0,1.0,,0,0,1
성분,has_phenol,무구조,5287,1707,3525,2,0.0,1.0,,0,0,1
성분,has_phosphate_ester,무구조,5287,1707,3542,2,0.0,1.0,,0,0,1
성분,has_quat_ammonium,무구조,5287,1707,3513,2,0.0,1.0,,0,0,1
성분,has_strong_acid_grp,무구조,5287,1707,3551,2,0.0,1.0,,0,0,1
성분,has_sulfate,무구조,5287,1707,3560,2,0.0,1.0,,0,0,1
성분,has_sulfonate,무구조,5287,1707,3544,2,0.0,1.0,,0,0,1
성분,has_thiol,무구조,5287,1707,3579,2,0.0,1.0,,0,0,1
성분,desc_ok,판정제외,5287,0,1707,2,0.0,1.0,,1707,0,0
성분,MolWt_isna,판정제외,5287,0,3580,2,0.0,1.0,,0,0,0
성분,ExactMolWt_isna,판정제외,5287,0,3580,2,0.0,1.0,,0,0,0
성분,MolLogP_isna,판정제외,5287,0,3580,2,0.0,1.0,,0,0,0
성분,MolMR_isna,판정제외,5287,0,3580,2,0.0,1.0,,0,0,0
성분,TPSA_isna,판정제외,5287,0,3580,2,0.0,1.0,,0,0,0
성분,NumHDonors_isna,판정제외,5287,0,3580,2,0.0,1.0,,0,0,0
성분,NumHAcceptors_isna,판정제외,5287,0,3580,2,0.0,1.0,,0,0,0
성분,NumRotatableBonds_isna,판정제외,5287,0,3580,2,0.0,1.0,,0,0,0
성분,NumAromaticRings_isna,판정제외,5287,0,3580,2,0.0,1.0,,0,0,0
성분,NumAliphaticRings_isna,판정제외,5287,0,3580,2,0.0,1.0,,0,0,0
성분,RingCount_isna,판정제외,5287,0,3580,2,0.0,1.0,,0,0,0
성분,FractionCSP3_isna,판정제외,5287,0,3580,2,0.0,1.0,,0,0,0
성분,HeavyAtomCount_isna,판정제외,5287,0,3580,2,0.0,1.0,,0,0,0
성분,NumHeteroatoms_isna,판정제외,5287,0,3580,2,0.0,1.0,,0,0,0
성분,NOCount_isna,판정제외,5287,0,3580,2,0.0,1.0,,0,0,0
성분,NHOHCount_isna,판정제외,5287,0,3580,2,0.0,1.0,,0,0,0
성분,NumSaturatedRings_isna,판정제외,5287,0,3580,2,0.0,1.0,,0,0,0
성분,LabuteASA_isna,판정제외,5287,0,3580,2,0.0,1.0,,0,0,0
성분,BalabanJ_isna,판정제외,5287,0,3580,2,0.0,1.0,,0,0,0
성분,BertzCT_isna,판정제외,5287,0,3580,2,0.0,1.0,,0,0,0
성분,Chi0v_isna,판정제외,5287,0,3580,2,0.0,1.0,,0,0,0
성분,Chi1v_isna,판정제외,5287,0,3580,2,0.0,1.0,,0,0,0
성분,Kappa1_isna,판정제외,5287,0,3580,2,0.0,1.0,,0,0,0
성분,Kappa2_isna,판정제외,5287,0,3580,2,0.0,1.0,,0,0,0
성분,Kappa3_isna,판정제외,5287,0,3580,2,0.0,1.0,,0,0,0
성분,HallKierAlpha_isna,판정제외,5287,0,3580,2,0.0,1.0,,0,0,0
성분,MaxPartialCharge_isna,판정제외,5287,0,3560,2,0.0,1.0,,0,0,0
성분,MinPartialCharge_isna,판정제외,5287,0,3560,2,0.0,1.0,,0,0,0
성분,MaxAbsPartialCharge_isna,판정제외,5287,0,3560,2,0.0,1.0,,0,0,0
성분,NumValenceElectrons_isna,판정제외,5287,0,3580,2,0.0,1.0,,0,0,0
성분,qed_isna,판정제외,5287,0,3580,2,0.0,1.0,,0,0,0
성분,n_structural_alerts_isna,판정제외,5287,0,3580,2,0.0,1.0,,0,0,0
성분,formal_charge_isna,판정제외,5287,0,3580,2,0.0,1.0,,0,0,0
성분,n_pos_atoms_isna,판정제외,5287,0,3580,2,0.0,1.0,,0,0,0
성분,n_neg_atoms_isna,판정제외,5287,0,3580,2,0.0,1.0,,0,0,0
성분,is_ionic_isna,판정제외,5287,0,3580,2,0.0,1.0,,0,0,0
성분,n_fragments_isna,판정제외,5287,0,3580,2,0.0,1.0,,0,0,0
성분,has_metal_isna,판정제외,5287,0,3580,2,0.0,1.0,,0,0,0
성분,logKp_pottsguy_isna,판정제외,5287,0,3580,2,0.0,1.0,,0,0,0
성분,max_alkyl_chain_isna,판정제외,5287,0,3580,2,0.0,1.0,,0,0,0
성분,has_acyl_halide_isna,판정제외,5287,0,3580,2,0.0,1.0,,0,0,0
성분,has_aldehyde_isna,판정제외,5287,0,3580,2,0.0,1.0,,0,0,0
성분,has_alkoxide_hydroxide_isna,판정제외,5287,0,3580,2,0.0,1.0,,0,0,0
성분,has_amine_prim_isna,판정제외,5287,0,3580,2,0.0,1.0,,0,0,0
성분,has_amine_tert_isna,판정제외,5287,0,3580,2,0.0,1.0,,0,0,0
성분,has_anhydride_isna,판정제외,5287,0,3580,2,0.0,1.0,,0,0,0
성분,has_betaine_isna,판정제외,5287,0,3580,2,0.0,1.0,,0,0,0
성분,has_carboxylate_isna,판정제외,5287,0,3580,2,0.0,1.0,,0,0,0
성분,has_carboxylic_acid_isna,판정제외,5287,0,3580,2,0.0,1.0,,0,0,0
성분,has_epoxide_isna,판정제외,5287,0,3580,2,0.0,1.0,,0,0,0
성분,has_halo_aromatic_isna,판정제외,5287,0,3580,2,0.0,1.0,,0,0,0
성분,has_isothiocyanate_isna,판정제외,5287,0,3580,2,0.0,1.0,,0,0,0
성분,has_long_alkyl_isna,판정제외,5287,0,3580,2,0.0,1.0,,0,0,0
성분,has_michael_acceptor_isna,판정제외,5287,0,3580,2,0.0,1.0,,0,0,0
성분,has_nitro_aromatic_isna,판정제외,5287,0,3580,2,0.0,1.0,,0,0,0
성분,has_peo_chain_isna,판정제외,5287,0,3580,2,0.0,1.0,,0,0,0
성분,has_phenol_isna,판정제외,5287,0,3580,2,0.0,1.0,,0,0,0
성분,has_phosphate_ester_isna,판정제외,5287,0,3580,2,0.0,1.0,,0,0,0
성분,has_quat_ammonium_isna,판정제외,5287,0,3580,2,0.0,1.0,,0,0,0
성분,has_quinone_isna,판정제외,5287,0,3580,2,0.0,1.0,,0,0,0
성분,has_strong_acid_grp_isna,판정제외,5287,0,3580,2,0.0,1.0,,0,0,0
성분,has_sulfate_isna,판정제외,5287,0,3580,2,0.0,1.0,,0,0,0
성분,has_sulfonate_isna,판정제외,5287,0,3580,2,0.0,1.0,,0,0,0
성분,has_sulfonyl_halide_isna,판정제외,5287,0,3580,2,0.0,1.0,,0,0,0
성분,has_thiol_isna,판정제외,5287,0,3580,2,0.0,1.0,,0,0,0
